,title,video_url
0,Test,https://d387613w8yyayj.cloudfront.net/405_2022_08_15_13_22_59_12104209/index.m3u8
1,FeNC SEMIFINAL,https://d387613w8yyayj.cloudfront.net/405_2022_07_30_09_39_33_19693208/index.m3u8
2,eNations Finals,https://d387613w8yyayj.cloudfront.net/403_2022_07_30_09_59_08_19636265/index.m3u8
3,Livestream 1 - Semis and Finals - FIFAe Nations World Cup 2022,https://d387613w8yyayj.cloudfront.net/14368_2022_07_29_18_09_12_21986070/index.m3u8
4,FeNC Kvartsfinal,https://d387613w8yyayj.cloudfront.net/405_2022_07_29_15_50_05_10555709/index.m3u8
5,MRN #2,https://d387613w8yyayj.cloudfront.net/403_2022_07_29_14_54_14_16590334/index.m3u8
6,Livestream 1 - Round of 8 - FIFAe Nations World Cup 2022,https://d387613w8yyayj.cloudfront.net/14368_2022_07_29_13_15_45_7658958/index.m3u8
7,FeNC Åttondelsfinal,https://d387613w8yyayj.cloudfront.net/405_2022_07_29_08_07_08_22610371/index.m3u8
8,Octavos FIFAe day 3,https://d387613w8yyayj.cloudfront.net/429_2022_07_29_08_55_55_4013377/index.m3u8
9,DAY3 FENC,https://d387613w8yyayj.cloudfront.net/403_2022_07_29_08_29_18_12276815/index.m3u8
10,Livestream 1 - Round of 16 - FIFAe Nations World Cup 2022,https://d387613w8yyayj.cloudfront.net/14368_2022_07_28_18_27_51_17603319/index.m3u8
11,Livestream 2 - Round of 16 - FIFAe Nations World Cup 2022,https://d387613w8yyayj.cloudfront.net/14368_2022_07_28_18_28_16_20731032/index.m3u8
12,FeNC Gruppspel Dag 2,https://d387613w8yyayj.cloudfront.net/405_2022_07_28_08_41_17_629989/index.m3u8
13,eNations DAY 2 evening,https://d387613w8yyayj.cloudfront.net/403_2022_07_28_15_05_19_979157/index.m3u8
14,Livestream 5 - Group D - Round 6 - Round 10 - FIFAe Nations World Cup 2022,https://d387613w8yyayj.cloudfront.net/14368_2022_07_28_11_45_52_20643665/index.m3u8
15,Livestream 3 - Group B - Round 6 - Round 10 - FIFAe Nations World Cup 2022,https://d387613w8yyayj.cloudfront.net/14368_2022_07_28_11_45_03_13998265/index.m3u8
16,Livestream 2 - Group B - Round 6 - Round 10 - FIFAe Nations World Cup 2022,https://d387613w8yyayj.cloudfront.net/14368_2022_07_28_11_44_41_18621188/index.m3u8
17,Livestream 4 - Group B - Round 6 - Round 10 - FIFAe Nations World Cup 2022,https://d387613w8yyayj.cloudfront.net/14368_2022_07_28_11_45_27_12131643/index.m3u8
18,Livestream 6 - Group D - Round 6 - Round 10 - FIFAe Nations World Cup 2022,https://d387613w8yyayj.cloudfront.net/14368_2022_07_28_11_46_15_13771843/index.m3u8
19,Livestream 1 - Group D - Round 6 - Round 10 - FIFAe Nations World Cup 2022,https://d387613w8yyayj.cloudfront.net/14368_2022_07_28_11_44_13_13693711/index.m3u8
20,Peru,https://d387613w8yyayj.cloudfront.net/14438_2022_07_28_14_21_30_21737724/index.m3u8
21,Livestream 6 - Group C - Round 6 - Round 10 - FIFAe Nations World Cup 2022,https://d387613w8yyayj.cloudfront.net/14368_2022_07_27_18_31_11_336382/index.m3u8
22,FIFAe Nations Cup Day2,https://d387613w8yyayj.cloudfront.net/429_2022_07_28_07_59_44_1922058/index.m3u8
23,Livestream 5 - Group C - Round 6 - Round 10 - FIFAe Nations World Cup 2022,https://d387613w8yyayj.cloudfront.net/14368_2022_07_27_18_30_47_20912053/index.m3u8
24,Livestream 2 - Group A - Round 6 - Round 10 - FIFAe Nations World Cup 2022,https://d387613w8yyayj.cloudfront.net/14368_2022_07_27_18_29_22_19022009/index.m3u8
25,Livestream 4 - Group A - Round 6 - Round 10 - FIFAe Nations World Cup 2022,https://d387613w8yyayj.cloudfront.net/14368_2022_07_27_18_30_11_10344293/index.m3u8
26,Livestream 3 - Group A - Round 6 - Round 10 - FIFAe Nations World Cup 2022,https://d387613w8yyayj.cloudfront.net/14368_2022_07_27_18_29_48_4913329/index.m3u8
27,Livestream 1 - Group C - Round 6 - Round 10 - FIFAe Nations World Cup 2022,https://d387613w8yyayj.cloudfront.net/14368_2022_07_27_18_28_53_6407273/index.m3u8
28,FeNC Gruppspel Dag 1,https://d387613w8yyayj.cloudfront.net/405_2022_07_27_12_59_59_20569731/index.m3u8
29,ENATIONS #2,https://d387613w8yyayj.cloudfront.net/403_2022_07_27_15_09_15_1646684/index.m3u8
30,Livestream 4 - Group B - Round 1 - Round 5 - FIFAe Nations World Cup 2022,https://d387613w8yyayj.cloudfront.net/14368_2022_07_27_13_45_51_15718644/index.m3u8
31,Livestream 2 - Group B - Round 1 - Round 5 - FIFAe Nations World Cup 2022,https://d387613w8yyayj.cloudfront.net/14368_2022_07_27_13_45_05_2676493/index.m3u8
32,Livestream 6 - Group D - Round 1 - Round 5 - FIFAe Nations World Cup 2022,https://d387613w8yyayj.cloudfront.net/14368_2022_07_27_13_46_37_17126595/index.m3u8
33,Livestream 3 - Group B - Round 1 - Round 5 - FIFAe Nations World Cup 2022,https://d387613w8yyayj.cloudfront.net/14368_2022_07_27_13_45_26_12644064/index.m3u8
34,Livestream 1 - Group D - Round 1 - Round 5 - FIFAe Nations World Cup 2022,https://d387613w8yyayj.cloudfront.net/14368_2022_07_27_13_44_39_16268161/index.m3u8
35,Livestream 5 - Group D - Round 1 - Round 5 - FIFAe Nations World Cup 2022,https://d387613w8yyayj.cloudfront.net/14368_2022_07_27_13_46_17_15792049/index.m3u8
36,eNations Cup #1,https://d387613w8yyayj.cloudfront.net/403_2022_07_27_08_23_35_13869726/index.m3u8
37,Batcam - Round 1 - Round 5 - FIFAe Nations World Cup 2022,https://d387613w8yyayj.cloudfront.net/14368_2022_07_27_08_06_57_20792454/index.m3u8
38,Livestream 6 - Group C - Round 1 - Round 5 - FIFAe Nations World Cup 2022,https://d387613w8yyayj.cloudfront.net/14368_2022_07_26_09_18_18_1451316/index.m3u8
39,Livestream 5 - Group C - Round 1 - Round 5 - FIFAe Nations World Cup 2022,https://d387613w8yyayj.cloudfront.net/14368_2022_07_26_09_17_51_20670517/index.m3u8
40,Livestream 4 - Group C - Round 1 - Round 5 - FIFAe Nations World Cup 2022,https://d387613w8yyayj.cloudfront.net/14368_2022_07_26_09_17_29_10116230/index.m3u8
41,Livestream 3 - Group A - Round 1 - Round 5 - FIFAe Nations World Cup 2022,https://d387613w8yyayj.cloudfront.net/14368_2022_07_26_09_17_05_7950600/index.m3u8
42,Livestream 2 - Group A - Round 1 - Round 5 - FIFAe Nations World Cup 2022,https://d387613w8yyayj.cloudfront.net/14368_2022_07_26_09_16_44_4985794/index.m3u8
43,Livestream 1 - Group A - Round 1 - Round 5 - FIFAe Nations World Cup 2022,https://d387613w8yyayj.cloudfront.net/14368_2022_07_26_09_16_07_7077223/index.m3u8
44,FIFAe NC Day1,https://d387613w8yyayj.cloudfront.net/429_2022_07_26_22_06_44_19809524/index.m3u8
45,Pre FeNC Test,https://d387613w8yyayj.cloudfront.net/14368_2022_07_15_15_25_58_19220268/index.m3u8
46,Livestream 1 - Semis and Finals - FIFAe Club World Cup 2022,https://d387613w8yyayj.cloudfront.net/14368_2022_07_23_12_17_16_17682810/index.m3u8
47,Livestream 1 - Round of 8 - FIFAe Club World Cup 2022,https://d387613w8yyayj.cloudfront.net/14368_2022_07_22_13_06_20_8946135/index.m3u8
48,Livestream 1 - Round of 16 - FIFAe Club World Cup 2022,https://d387613w8yyayj.cloudfront.net/14368_2022_07_21_18_51_24_7251319/index.m3u8
49,Livestream 2 - Round of 16 - FIFAe Club World Cup 2022,https://d387613w8yyayj.cloudfront.net/14368_2022_07_21_18_51_51_840573/index.m3u8
50,Livestream 2 - Group B - Round 6 - Round 10 - FIFAe Club World Cup 2022,https://d387613w8yyayj.cloudfront.net/14368_2022_07_21_12_12_34_17513572/index.m3u8
51,Livestream 4 - Group B - Round 6 - Round 10 - FIFAe Club World Cup 2022,https://d387613w8yyayj.cloudfront.net/14368_2022_07_21_12_13_33_11371358/index.m3u8
52,Livestream 1 - Group D - Round 6 - Round 10 - FIFAe Club World Cup 2022,https://d387613w8yyayj.cloudfront.net/14368_2022_07_21_12_12_06_5714983/index.m3u8
53,Livestream 5 - Group D - Round 6 - Round 10 - FIFAe Club World Cup 2022,https://d387613w8yyayj.cloudfront.net/14368_2022_07_21_12_13_58_12691167/index.m3u8
54,Livestream 3 - Group B - Round 6 - Round 10 - FIFAe Club World Cup 2022,https://d387613w8yyayj.cloudfront.net/14368_2022_07_21_12_13_03_22553087/index.m3u8
55,Livestream 6 - Group D - Round 6 - Round 10 - FIFAe Club World Cup 2022,https://d387613w8yyayj.cloudfront.net/14368_2022_07_21_12_14_19_11103871/index.m3u8
56,Livestream 1 - Group C - Round 6 - Round 10 - FIFAe Club World Cup 2022,https://d387613w8yyayj.cloudfront.net/14368_2022_07_21_07_42_55_20507195/index.m3u8
57,Livestream 5 - Group C - Round 6 - Round 10 - FIFAe Club World Cup 2022,https://d387613w8yyayj.cloudfront.net/14368_2022_07_21_07_44_52_4540944/index.m3u8
58,Livestream 2 - Group A - Round 6 - Round 10 - FIFAe Club World Cup 2022,https://d387613w8yyayj.cloudfront.net/14368_2022_07_21_07_43_20_5736189/index.m3u8
59,Livestream 3 - Group A - Round 6 - Round 10 - FIFAe Club World Cup 2022,https://d387613w8yyayj.cloudfront.net/14368_2022_07_21_07_43_40_9407330/index.m3u8
60,Livestream 4 - Group C - Round 6 - Round 10 - FIFAe Club World Cup 2022,https://d387613w8yyayj.cloudfront.net/14368_2022_07_21_07_44_11_3057085/index.m3u8
61,Livestream 6 - Group C - Round 6 - Round 10 - FIFAe Club World Cup 2022,https://d387613w8yyayj.cloudfront.net/14368_2022_07_21_07_45_17_13871985/index.m3u8
62,Livestream 1 - Group A - Round 8 - Round 14 - FIFAe Club World Cup 2022,https://d387613w8yyayj.cloudfront.net/14368_2022_07_20_11_39_11_8772845/index.m3u8
63,Livestream 2 - Group B - Round 1 - Round 7 - FIFAe Club World Cup 2022,https://d387613w8yyayj.cloudfront.net/14368_2022_07_20_11_40_00_15195089/index.m3u8
64,Livestream 4 - Group D - Round 1 - Round 7 - FIFAe Club World Cup 2022,https://d387613w8yyayj.cloudfront.net/14368_2022_07_20_11_40_49_6110349/index.m3u8
65,Livestream 5 - Group D - Round 1 - Round 7 - FIFAe Club World Cup 2022,https://d387613w8yyayj.cloudfront.net/14368_2022_07_20_11_41_11_15809156/index.m3u8
66,Livestream 3 - Group B - Round 1 - Round 7 - FIFAe Club World Cup 2022,https://d387613w8yyayj.cloudfront.net/14368_2022_07_20_11_40_22_4021089/index.m3u8
67,Livestream 6 - Group D - Round 1 - Round 7 - FIFAe Club World Cup 2022,https://d387613w8yyayj.cloudfront.net/14368_2022_07_20_11_41_31_9095078/index.m3u8
68,Livestream 8 - Group C - Round 1 - Round 7 - FIFAe Club World Cup 2022,https://d387613w8yyayj.cloudfront.net/14368_2022_07_19_09_14_26_587730/index.m3u8
69,Livestream 2 - Group A - Round 1 - Round 7 - FIFAe Club World Cup 2022,https://d387613w8yyayj.cloudfront.net/14368_2022_07_19_09_10_24_11947070/index.m3u8
70,Livestream 5 - Group C - Round 1 - Round 7 - FIFAe Club World Cup 2022,https://d387613w8yyayj.cloudfront.net/14368_2022_07_19_09_11_59_2480563/index.m3u8
71,Livestream 6 - Group C - Round 1 - Round 7 - FIFAe Club World Cup 2022,https://d387613w8yyayj.cloudfront.net/14368_2022_07_19_09_12_27_18348718/index.m3u8
72,Livestream 7 - Group C - Round 1 - Round 7 - FIFAe Club World Cup 2022,https://d387613w8yyayj.cloudfront.net/14368_2022_07_19_09_14_04_2313930/index.m3u8
73,Livestream 4 - Group A - Round 1 - Round 7 - FIFAe Club World Cup 2022,https://d387613w8yyayj.cloudfront.net/14368_2022_07_19_09_11_16_3770360/index.m3u8
74,Livestream 3 - Group A - Round 1 - Round 7 - FIFAe Club World Cup 2022,https://d387613w8yyayj.cloudfront.net/14368_2022_07_19_09_10_50_22994676/index.m3u8
75,Livestream 1 - Group A - Round 1 - Round 7 - FIFAe Club World Cup 2022,https://d387613w8yyayj.cloudfront.net/14368_2022_07_19_09_09_49_4059999/index.m3u8
76,Livestream 7 - Group D - Round 8 - Round 14 - FIFAe World Cup 2022,https://d387613w8yyayj.cloudfront.net/14368_2022_07_15_15_25_58_19220268/index.m3u8
77,Livestream 1 - Final Day  - FIFAe World Cup 2022,https://d387613w8yyayj.cloudfront.net/14368_2022_07_16_16_34_30_127013/index.m3u8
78,Livestream 2 - Final Day - FIFAe World Cup 2022,https://d387613w8yyayj.cloudfront.net/14368_2022_07_16_16_35_03_5268684/index.m3u8
79,Player Cam 1 - Quarterfinals - FIFAe World Cup 2022,https://d387613w8yyayj.cloudfront.net/14368_2022_07_16_14_08_07_15579688/index.m3u8
80,Player Cam 3 - Quarterfinals - FIFAe World Cup 2022,https://d387613w8yyayj.cloudfront.net/14368_2022_07_16_14_09_07_1442441/index.m3u8
81,Player Cam 2 - Quarterfinals - FIFAe World Cup 2022,https://d387613w8yyayj.cloudfront.net/14368_2022_07_16_14_08_29_19486175/index.m3u8
82,Player Cam 4 - Quarterfinals - FIFAe World Cup 2022,https://d387613w8yyayj.cloudfront.net/14368_2022_07_16_14_09_37_9008639/index.m3u8
83,Livestream 1 - Round of 8  - FIFAe World Cup 2022,https://d387613w8yyayj.cloudfront.net/14368_2022_07_16_11_54_24_15692674/index.m3u8
84,Livestream 2 - Round of 8  - FIFAe World Cup 2022,https://d387613w8yyayj.cloudfront.net/14368_2022_07_16_11_54_55_11275565/index.m3u8
85,Player Cam 1 - Round of 16 - FIFAe World Cup 2022,https://d387613w8yyayj.cloudfront.net/14368_2022_07_16_10_26_25_5112165/index.m3u8
86,Player Cam 3 - Round of 16 - FIFAe World Cup 2022,https://d387613w8yyayj.cloudfront.net/14368_2022_07_16_10_28_48_22042451/index.m3u8
87,Player Cam 2 - Round of 16 - FIFAe World Cup 2022,https://d387613w8yyayj.cloudfront.net/14368_2022_07_16_10_28_12_6294207/index.m3u8
88,Player Cam 4 - Round of 16 - FIFAe World Cup 2022,https://d387613w8yyayj.cloudfront.net/14368_2022_07_16_10_29_27_15597127/index.m3u8
89,Player Cam 4 - Round of 16 - FIFAe World Cup 2022,https://d387613w8yyayj.cloudfront.net/14368_2022_07_16_09_47_07_18923198/index.m3u8
90,Player Cam 2 - Round of 16 - FIFAe World Cup 2022,https://d387613w8yyayj.cloudfront.net/14368_2022_07_16_09_46_23_13199344/index.m3u8
91,Player Cam 3 - Round of 16 - FIFAe World Cup 2022,https://d387613w8yyayj.cloudfront.net/14368_2022_07_16_09_46_47_16530233/index.m3u8
92,Player Cam 1 - Round of 16 - FIFAe World Cup 2022,https://d387613w8yyayj.cloudfront.net/14368_2022_07_16_09_46_01_17860481/index.m3u8
93,Livestream 8 - Round of 16  - FIFAe World Cup 2022,https://d387613w8yyayj.cloudfront.net/14368_2022_07_16_08_42_33_19883307/index.m3u8
94,Livestream 2 - Round of 16  - FIFAe World Cup 2022,https://d387613w8yyayj.cloudfront.net/14368_2022_07_16_08_40_12_17870459/index.m3u8
95,Livestream 1 - Round of 16  - FIFAe World Cup 2022,https://d387613w8yyayj.cloudfront.net/14368_2022_07_16_08_39_49_8508692/index.m3u8
96,Livestream 7  - Round of 16  - FIFAe World Cup 2022,https://d387613w8yyayj.cloudfront.net/14368_2022_07_16_08_42_12_13193027/index.m3u8
97,Livestream 4  - Round of 16  - FIFAe World Cup 2022,https://d387613w8yyayj.cloudfront.net/14368_2022_07_16_08_41_04_2145693/index.m3u8
98,Livestream 6 - Round of 16  - FIFAe World Cup 2022,https://d387613w8yyayj.cloudfront.net/14368_2022_07_16_08_41_49_12991006/index.m3u8
99,Livestream 3 - Round of 16  - FIFAe World Cup 2022,https://d387613w8yyayj.cloudfront.net/14368_2022_07_16_08_40_29_2425907/index.m3u8
100,Livestream 5 - Round of 16  - FIFAe World Cup 2022,https://d387613w8yyayj.cloudfront.net/14368_2022_07_16_08_41_27_17314686/index.m3u8
101,Livestream 7 - Group D - Round 8 - Round 14 - FIFAe World Cup 2022,https://d387613w8yyayj.cloudfront.net/14368_2022_07_15_15_25_58_19220268/index.m3u8
102,Livestream 2 - Group B - Round 8 - Round 14  - FIFAe World Cup 2022,https://d387613w8yyayj.cloudfront.net/14368_2022_07_15_15_24_08_9032367/index.m3u8
103,Livestream 4 - Group B - Round 8 - Round 14  - FIFAe World Cup 2022,https://d387613w8yyayj.cloudfront.net/14368_2022_07_15_15_24_57_16903670/index.m3u8
104,Livestream 3 - Group B - Round 8 - Round 14  - FIFAe World Cup 2022,https://d387613w8yyayj.cloudfront.net/14368_2022_07_15_15_24_37_183278/index.m3u8
105,Livestream 6 - Group D - Round 8 - Round 14 - FIFAe World Cup 2022,https://d387613w8yyayj.cloudfront.net/14368_2022_07_15_15_25_35_16126480/index.m3u8
106,Livestream 8 - Group D - Round 8 - Round 14 - FIFAe World Cup 2022,https://d387613w8yyayj.cloudfront.net/14368_2022_07_15_15_26_42_20537864/index.m3u8
107,Livestream 1 - Group B - Round 8 - Round 14  - FIFAe World Cup 2022,https://d387613w8yyayj.cloudfront.net/14368_2022_07_15_15_23_49_16945511/index.m3u8
108,Livestream 5 - Group D - Round 8 - Round 14 - FIFAe World Cup 2022,https://d387613w8yyayj.cloudfront.net/14368_2022_07_15_15_25_16_5939401/index.m3u8
109,Livestream 8 - Group C - Round 8 - Round 14 - FIFAe World Cup 2022,https://d387613w8yyayj.cloudfront.net/14368_2022_07_15_07_30_58_4535292/index.m3u8
110,Livestream 5 - Group C - Round 8 - Round 14 - FIFAe World Cup 2022,https://d387613w8yyayj.cloudfront.net/14368_2022_07_15_07_29_59_13848577/index.m3u8
111,Livestream 2 - Group A - Round 8 - Round 14  - FIFAe World Cup 2022,https://d387613w8yyayj.cloudfront.net/14368_2022_07_15_07_28_48_22276104/index.m3u8
112,Livestream 4 - Group A - Round 8 - Round 14  - FIFAe World Cup 2022,https://d387613w8yyayj.cloudfront.net/14368_2022_07_15_07_29_36_16878861/index.m3u8
113,Livestream 7 - Group C - Round 8 - Round 14 - FIFAe World Cup 2022,https://d387613w8yyayj.cloudfront.net/14368_2022_07_15_07_30_36_2242330/index.m3u8
114,Livestream 6 - Group C - Round 8 - Round 14 - FIFAe World Cup 2022,https://d387613w8yyayj.cloudfront.net/14368_2022_07_15_07_30_19_22102475/index.m3u8
115,Livestream 3 - Group A - Round 8 - Round 14  - FIFAe World Cup 2022,https://d387613w8yyayj.cloudfront.net/14368_2022_07_15_07_29_13_16126533/index.m3u8
116,Livestream 1 - Group A - Round 8 - Round 14  - FIFAe World Cup 2022,https://d387613w8yyayj.cloudfront.net/14368_2022_07_15_07_28_21_12119785/index.m3u8
117,Livestream 4 - Group B - Round 1 - Round 7 - FIFAe World Cup 2022,https://d387613w8yyayj.cloudfront.net/14368_2022_07_14_12_49_05_10245931/index.m3u8
118,Livestream 1 - Group B - Round 1 - Round 7 - FIFAe World Cup 2022,https://d387613w8yyayj.cloudfront.net/14368_2022_07_14_12_46_38_6020023/index.m3u8
119,Livestream 6 - Group D - Round 1 - Round 7 - FIFAe World Cup 2022,https://d387613w8yyayj.cloudfront.net/14368_2022_07_14_12_50_05_7271897/index.m3u8
120,Livestream 8 - Group D - Round 1 - Round 7 - FIFAe World Cup 2022,https://d387613w8yyayj.cloudfront.net/14368_2022_07_14_12_50_52_21939471/index.m3u8
121,Livestream 3 - Group B - Round 1 - Round 7 - FIFAe World Cup 2022,https://d387613w8yyayj.cloudfront.net/14368_2022_07_14_12_48_28_7431303/index.m3u8
122,Livestream 5 - Group D - Round 1 - Round 7 - FIFAe World Cup 2022,https://d387613w8yyayj.cloudfront.net/14368_2022_07_14_12_49_34_780326/index.m3u8
123,Livestream 7 - Group D - Round 1 - Round 7 - FIFAe World Cup 2022,https://d387613w8yyayj.cloudfront.net/14368_2022_07_14_12_50_29_13457811/index.m3u8
124,Livestream 2 - Group B - Round 1 - Round 7 - FIFAe World Cup 2022,https://d387613w8yyayj.cloudfront.net/14368_2022_07_14_12_47_41_16121792/index.m3u8
125,Livestream 6 - Group C - Round 1 - Round 7 - FIFAe World Cup 2022,https://d387613w8yyayj.cloudfront.net/14368_2022_07_14_08_22_40_18679266/index.m3u8
126,Livestream 7 - Group C - Round 1 - Round 7 - FIFAe World Cup 2022,https://d387613w8yyayj.cloudfront.net/14368_2022_07_14_08_23_05_7765631/index.m3u8
127,Livestream 5 - Group C - Round 1 - Round 7 - FIFAe World Cup 2022,https://d387613w8yyayj.cloudfront.net/14368_2022_07_14_08_22_19_20650486/index.m3u8
128,Livestream 4 - Group A - Round 1 - Round 7 - FIFAe World Cup 2022,https://d387613w8yyayj.cloudfront.net/14368_2022_07_14_08_21_42_8074343/index.m3u8
129,Livestream 2 - Group A - Round 1 - Round 7 - FIFAe World Cup 2022,https://d387613w8yyayj.cloudfront.net/14368_2022_07_14_08_20_50_304347/index.m3u8
130,Livestream 8 - Group C - Round 1 - Round 7 - FIFAe World Cup 2022,https://d387613w8yyayj.cloudfront.net/14368_2022_07_14_08_23_26_11219265/index.m3u8
131,Livestream 3 - Group A - Round 1 - Round 7 - FIFAe World Cup 2022,https://d387613w8yyayj.cloudfront.net/14368_2022_07_14_08_21_19_20596146/index.m3u8
132,Livestream 1 - Group A - Round 1 - Round 7 - FIFAe World Cup 2022,https://d387613w8yyayj.cloudfront.net/14368_2022_07_14_08_20_05_22044937/index.m3u8
133,testing env,https://d387613w8yyayj.cloudfront.net/14368_2022_07_13_15_03_55_22530597/index.m3u8
134,main test,https://d387613w8yyayj.cloudfront.net/14368_2022_07_13_15_26_57_650739/index.m3u8
135,test 1,https://d387613w8yyayj.cloudfront.net/14368_2022_07_13_15_08_27_7378128/index.m3u8
136,Test 8,https://d387613w8yyayj.cloudfront.net/14368_2022_07_13_15_07_45_5311340/index.m3u8
137,test 7,https://d387613w8yyayj.cloudfront.net/14368_2022_07_13_15_06_38_20035558/index.m3u8
138,test 6,https://d387613w8yyayj.cloudfront.net/14368_2022_07_13_15_06_03_5274390/index.m3u8
139,test 5,https://d387613w8yyayj.cloudfront.net/14368_2022_07_13_15_05_21_14458239/index.m3u8
140,test 4,https://d387613w8yyayj.cloudfront.net/14368_2022_07_13_15_04_38_21740578/index.m3u8
141,test 3,https://d387613w8yyayj.cloudfront.net/14368_2022_07_13_15_03_55_22530597/index.m3u8
142,test 2,https://d387613w8yyayj.cloudfront.net/14368_2022_07_13_14_59_50_9293575/index.m3u8
143,Fifa World Cup 2022 Group A Round 1 to 7  Live Stream 1,https://d387613w8yyayj.cloudfront.net/14368_2022_07_13_12_48_49_9939553/index.m3u8
144,FIFAe Finals 2022,https://d387613w8yyayj.cloudfront.net/14368_2022_07_13_05_19_50_14992973/index.m3u8
145,FIFAe World Cup 2022 test,https://d387613w8yyayj.cloudfront.net/254_2022_07_13_11_47_45_4545878/index.m3u8
146,test from rpod,https://d387613w8yyayj.cloudfront.net/393_2022_07_12_17_35_46_9350388/index.m3u8
147,New clip test,https://d387613w8yyayj.cloudfront.net/458_2022_05_20_09_08_21_18394712/index.m3u8
148,New clip test,https://d387613w8yyayj.cloudfront.net/458_2022_05_20_09_08_21_18394712/index.m3u8
149,PLWK finał,https://d387613w8yyayj.cloudfront.net/403_2022_06_28_18_21_58_13069238/index.m3u8
150,new detector,https://d387613w8yyayj.cloudfront.net/403_2022_06_19_09_13_23_189222/index.m3u8
151,Team Malta - FIFAe Nations Cup - Day 4,https://d387613w8yyayj.cloudfront.net/974_2022_06_19_14_49_04_3176872/index.m3u8
152,eNations Cup - DAY 4,https://d387613w8yyayj.cloudfront.net/403_2022_06_19_09_13_23_189222/index.m3u8
153,test,https://d387613w8yyayj.cloudfront.net/896_2022_06_18_20_08_15_22731191/index.m3u8
154,TEST,https://d387613w8yyayj.cloudfront.net/896_2022_06_18_20_01_09_19368789/index.m3u8
155,FIFAe Nations Playoffs Malta - Day 3,https://d387613w8yyayj.cloudfront.net/974_2022_06_18_14_05_44_14505605/index.m3u8
156,FeNS Playoffs 18 juni,https://d387613w8yyayj.cloudfront.net/405_2022_06_18_12_53_02_18744958/index.m3u8
157,FIFAe Playoffs eNations Cup - Day 3 - Winner bracket,https://d387613w8yyayj.cloudfront.net/429_2022_06_18_13_02_33_22143/index.m3u8
158,EU Playoffs - POL CZE,https://d387613w8yyayj.cloudfront.net/403_2022_06_18_14_00_02_6410621/index.m3u8
159,new detector,https://d387613w8yyayj.cloudfront.net/429_2022_06_15_13_08_42_13374456/index.m3u8
160,new detector,https://d387613w8yyayj.cloudfront.net/429_2022_06_15_13_08_42_13374456/index.m3u8
161,new detector,https://d387613w8yyayj.cloudfront.net/429_2022_06_15_13_08_42_13374456/index.m3u8
162,new detector,https://d387613w8yyayj.cloudfront.net/429_2022_06_15_13_08_42_13374456/index.m3u8
163,new detector,https://d387613w8yyayj.cloudfront.net/429_2022_06_15_13_08_42_13374456/index.m3u8
164,new detector,https://d387613w8yyayj.cloudfront.net/429_2022_06_15_13_08_42_13374456/index.m3u8
165,new detector,https://d387613w8yyayj.cloudfront.net/429_2022_06_15_13_08_42_13374456/index.m3u8
166,new detector,https://d387613w8yyayj.cloudfront.net/429_2022_06_15_13_08_42_13374456/index.m3u8
167,Playoffs FIFAe Nations Cup - Dia 1,https://d387613w8yyayj.cloudfront.net/896_2022_06_17_20_37_27_8696264/index.m3u8
168,new detector,https://d387613w8yyayj.cloudfront.net/429_2022_06_15_13_08_42_13374456/index.m3u8
169,new detector,https://d387613w8yyayj.cloudfront.net/429_2022_06_15_13_08_42_13374456/index.m3u8
170,new detector,https://d387613w8yyayj.cloudfront.net/429_2022_06_15_13_08_42_13374456/index.m3u8
171,new detector,https://d387613w8yyayj.cloudfront.net/429_2022_06_15_13_08_42_13374456/index.m3u8
172,new detector,https://d387613w8yyayj.cloudfront.net/429_2022_06_15_13_08_42_13374456/index.m3u8
173,FeNS Playoffs 17 juni,https://d387613w8yyayj.cloudfront.net/405_2022_06_17_14_43_37_11840060/index.m3u8
174,FIFAe Nations Playoffs 2022 - Day 2,https://d387613w8yyayj.cloudfront.net/487_2022_06_16_11_51_00_11140531/index.m3u8
175,FIFAe Nations Playoffs Malta - Day 2,https://d387613w8yyayj.cloudfront.net/974_2022_06_17_13_20_58_6668360/index.m3u8
176,Playoffs Day 2,https://d387613w8yyayj.cloudfront.net/403_2022_06_17_14_35_43_22205216/index.m3u8
177,Playoffs eNations Cup FIFAe day 2,https://d387613w8yyayj.cloudfront.net/429_2022_06_17_13_58_59_21897061/index.m3u8
178,new detector,https://d387613w8yyayj.cloudfront.net/429_2022_06_15_13_08_42_13374456/index.m3u8
179,new detector,https://d387613w8yyayj.cloudfront.net/429_2022_06_15_13_08_42_13374456/index.m3u8
180,new detector,https://d387613w8yyayj.cloudfront.net/429_2022_06_15_13_08_42_13374456/index.m3u8
181,new detector,https://d387613w8yyayj.cloudfront.net/429_2022_06_15_13_08_42_13374456/index.m3u8
182,new detector,https://d387613w8yyayj.cloudfront.net/429_2022_06_15_13_08_42_13374456/index.m3u8
183,new detector,https://d387613w8yyayj.cloudfront.net/429_2022_06_15_13_08_42_13374456/index.m3u8
184,new detector,https://d387613w8yyayj.cloudfront.net/429_2022_06_15_13_08_42_13374456/index.m3u8
185,India Review,https://d387613w8yyayj.cloudfront.net/429_2022_06_15_13_08_42_13374456/index.m3u8
186,India Review,https://d387613w8yyayj.cloudfront.net/403_2022_06_16_14_08_42_15504717/index.m3u8
187,India Review,https://d387613w8yyayj.cloudfront.net/405_2022_06_16_13_13_00_5136620/index.m3u8
188,India Review,ttps://d387613w8yyayj.cloudfront.net/405_2022_06_16_13_13_00_5136620/index.m3u8
189,India Review,https://d387613w8yyayj.cloudfront.net/487_2022_06_16_11_50_16_16895675/index.m3u8
190,India Review,https://d387613w8yyayj.cloudfront.net/974_2022_06_16_14_18_20_2333925/index.m3u8
191,Test etri,https://d387613w8yyayj.cloudfront.net/983_2022_06_16_20_56_27_20662492/index.m3u8
192,FIFAe Nations Playoffs 2022 - Day 1,https://d387613w8yyayj.cloudfront.net/487_2022_06_16_11_50_16_16895675/index.m3u8
193,Malta FIFAe Nations Playoffs Day 1,https://d387613w8yyayj.cloudfront.net/974_2022_06_16_14_18_20_2333925/index.m3u8
194,FeNS Playoffs 16 juni,https://d387613w8yyayj.cloudfront.net/405_2022_06_16_13_13_00_5136620/index.m3u8
195,eNations Cup - DAY 1,https://d387613w8yyayj.cloudfront.net/403_2022_06_16_14_08_42_15504717/index.m3u8
196,TEST,https://d387613w8yyayj.cloudfront.net/403_2022_06_16_14_04_15_13564394/index.m3u8
197,FIFAe Playoffs Day 1,https://d387613w8yyayj.cloudfront.net/429_2022_06_15_13_08_42_13374456/index.m3u8
198,MFA Test Test,https://d387613w8yyayj.cloudfront.net/974_2022_06_16_13_52_29_3667382/index.m3u8
199,Test Playoffs,https://d387613w8yyayj.cloudfront.net/974_2022_06_16_13_42_58_19449328/index.m3u8
200,India Review,https://d387613w8yyayj.cloudfront.net/409_2022_06_12_07_15_33_7287423/index.m3u8
201,Demi Finale FIFAe Nations Cup,https://d387613w8yyayj.cloudfront.net/863_2022_06_12_12_58_13_19550845/index.m3u8
202,Day 2 | FIFAe Nations PlayOffs 2022,https://d387613w8yyayj.cloudfront.net/409_2022_06_12_07_15_33_7287423/index.m3u8
203,FeNPO22 KSA Day 2,https://d387613w8yyayj.cloudfront.net/926_2022_06_11_13_47_33_12558360/index.m3u8
204,GOALS SECOND DAY PLAYOFFS,https://d387613w8yyayj.cloudfront.net/863_2022_06_11_13_11_07_5177553/index.m3u8
205,test4,https://d387613w8yyayj.cloudfront.net/926_2022_06_11_13_07_51_13313936/index.m3u8
206,FeNPO22 KSA Day 2,https://d387613w8yyayj.cloudfront.net/926_2022_06_11_12_33_05_8364535/index.m3u8
207,Nordic Invitational,https://d387613w8yyayj.cloudfront.net/487_2022_06_11_10_16_03_17538144/index.m3u8
208,Nordic Invitational,https://d387613w8yyayj.cloudfront.net/405_2022_06_11_11_34_00_3945792/index.m3u8
209,Norway Test - FENK,https://d387613w8yyayj.cloudfront.net/402_2022_03_11_15_29_49_6590763/index.m3u8
210,Losowanie,https://d387613w8yyayj.cloudfront.net/403_2022_06_10_14_42_07_12641024/index.m3u8
211,FIFAe NATIONS Series - FRI 10 JUNE 2022,https://d387613w8yyayj.cloudfront.net/417_2022_06_10_09_51_55_1924314/index.m3u8
212,FeNPO22 KSA Day 1,https://d387613w8yyayj.cloudfront.net/926_2022_06_10_12_50_00_3187711/index.m3u8
213,FIFAe Nations Cup PlayOffs,https://d387613w8yyayj.cloudfront.net/863_2022_06_10_09_40_02_15613135/index.m3u8
214,test2,https://d387613w8yyayj.cloudfront.net/926_2022_06_10_12_43_26_15581817/index.m3u8
215,Test,https://d387613w8yyayj.cloudfront.net/926_2022_06_10_12_36_19_7125763/index.m3u8
216,Test From Prod,https://d387613w8yyayj.cloudfront.net/393_2022_06_10_08_33_31_20062935/index.m3u8
217,test,https://d387613w8yyayj.cloudfront.net/926_2022_06_09_15_44_43_19346863/index.m3u8
218,Norway Test - FENK,https://d387613w8yyayj.cloudfront.net/402_2022_03_11_15_29_49_6590763/index.m3u8
219,Norway Test - FENK,https://d387613w8yyayj.cloudfront.net/402_2022_03_11_15_29_49_6590763/index.m3u8
220,Norway Test - FENK,https://d387613w8yyayj.cloudfront.net/402_2022_03_11_15_29_49_6590763/index.m3u8
221,Norway Test - FENK,https://d387613w8yyayj.cloudfront.net/402_2022_03_11_15_29_49_6590763/index.m3u8
222,Norway Test - FENK,https://d387613w8yyayj.cloudfront.net/402_2022_03_11_15_29_49_6590763/index.m3u8
223,Norway Test - FENK,https://d387613w8yyayj.cloudfront.net/402_2022_03_11_15_29_49_6590763/index.m3u8
224,Norway Test - FENK,https://d387613w8yyayj.cloudfront.net/402_2022_03_11_15_29_49_6590763/index.m3u8
225,Norway Test - FENK,https://d387613w8yyayj.cloudfront.net/402_2022_03_11_15_29_49_6590763/index.m3u8
226,Norway Test - FENK,https://d387613w8yyayj.cloudfront.net/402_2022_03_11_15_29_49_6590763/index.m3u8
227,Norway Test - FENK,https://d387613w8yyayj.cloudfront.net/402_2022_03_11_15_29_49_6590763/index.m3u8
228,Norway Test - FENK,https://d387613w8yyayj.cloudfront.net/402_2022_03_11_15_29_49_6590763/index.m3u8
229,Norway Test - FENK,https://d387613w8yyayj.cloudfront.net/402_2022_03_11_15_29_49_6590763/index.m3u8
230,Norway Test - FENK,https://d387613w8yyayj.cloudfront.net/402_2022_03_11_15_29_49_6590763/index.m3u8
231,Norway Test - FENK,https://d387613w8yyayj.cloudfront.net/402_2022_03_11_15_29_49_6590763/index.m3u8
232,Norway Test - FENK,https://d387613w8yyayj.cloudfront.net/402_2022_03_11_15_29_49_6590763/index.m3u8
233,Norway Test - FENK,https://d387613w8yyayj.cloudfront.net/402_2022_03_11_15_29_49_6590763/index.m3u8
234,Norway Test - FENK,https://d387613w8yyayj.cloudfront.net/402_2022_03_11_15_29_49_6590763/index.m3u8
235,Norway Test - FENK,https://d387613w8yyayj.cloudfront.net/402_2022_03_11_15_29_49_6590763/index.m3u8
236,Norway Test - FENK,https://d387613w8yyayj.cloudfront.net/402_2022_03_11_15_29_49_6590763/index.m3u8
237,Norway Test - FENK,https://d387613w8yyayj.cloudfront.net/402_2022_03_11_15_29_49_6590763/index.m3u8
238,Norway Test - FENK,https://d387613w8yyayj.cloudfront.net/402_2022_03_11_15_29_49_6590763/index.m3u8
239,Norway Test - FENK,https://d387613w8yyayj.cloudfront.net/402_2022_03_11_15_29_49_6590763/index.m3u8
240,Norway Test - FENK,https://d387613w8yyayj.cloudfront.net/402_2022_03_11_15_29_49_6590763/index.m3u8
241,Norway Test - FENK,https://d387613w8yyayj.cloudfront.net/402_2022_03_11_15_29_49_6590763/index.m3u8
242,Norway Test - FENK,https://d387613w8yyayj.cloudfront.net/402_2022_03_11_15_29_49_6590763/index.m3u8
243,Netherland Test - FIFA 22 - eNations 2022 Play-ins 3 - DAY 2,https://d387613w8yyayj.cloudfront.net/400_2022_03_11_15_39_47_1431656/index.m3u8
244,Norway Test - FeNC kampuke 3,https://d387613w8yyayj.cloudfront.net/402_2022_03_10_14_53_12_15227505/index.m3u8
245,Norway Test,https://d387613w8yyayj.cloudfront.net/402_2022_03_11_15_29_49_6590763/index.m3u8
246,test again team names,https://d387613w8yyayj.cloudfront.net/103_2022_06_08_08_15_31_22718310/index.m3u8
247,New clip test,https://d387613w8yyayj.cloudfront.net/458_2022_05_20_09_08_21_18394712/index.m3u8
248,New clip test,https://d387613w8yyayj.cloudfront.net/458_2022_05_20_09_08_21_18394712/index.m3u8
249,test names 2,https://d387613w8yyayj.cloudfront.net/103_2022_06_07_19_34_50_4500287/index.m3u8
250,test,https://d387613w8yyayj.cloudfront.net/896_2022_06_07_15_07_11_7476147/index.m3u8
251,test,https://d387613w8yyayj.cloudfront.net/896_2022_06_07_14_55_48_8552661/index.m3u8
252,Test team names,https://d387613w8yyayj.cloudfront.net/103_2022_06_07_14_38_35_21222318/index.m3u8
253,LocalStrikeTest,https://d387613w8yyayj.cloudfront.net/896_2022_06_07_13_53_53_3771264/index.m3u8
254,New clip test,https://d387613w8yyayj.cloudfront.net/458_2022_05_20_09_08_21_18394712/index.m3u8
255,New clip test,https://d387613w8yyayj.cloudfront.net/458_2022_05_20_09_08_21_18394712/index.m3u8
256,test,https://d387613w8yyayj.cloudfront.net/184_2022_06_06_13_32_37_19505109/index.m3u8
257,Showmatch FCA vs. Aachen,https://d387613w8yyayj.cloudfront.net/364_2022_06_01_13_29_05_18000244/index.m3u8
258,New clip test,https://d387613w8yyayj.cloudfront.net/364_2022_06_01_12_19_05_16915126/index.m3u8
259,Teststream,https://d387613w8yyayj.cloudfront.net/364_2022_06_01_12_19_05_16915126/index.m3u8
260,Test Referenzfootage,https://d387613w8yyayj.cloudfront.net/254_2022_06_01_10_24_12_7147501/index.m3u8
261,New clip test,https://d387613w8yyayj.cloudfront.net/458_2022_05_20_09_08_21_18394712/index.m3u8
262,New clip test,https://d387613w8yyayj.cloudfront.net/458_2022_05_20_09_08_21_18394712/index.m3u8
263,New clip test,https://d387613w8yyayj.cloudfront.net/458_2022_05_20_09_08_21_18394712/index.m3u8
264,New clip test,https://d387613w8yyayj.cloudfront.net/458_2022_05_20_09_08_21_18394712/index.m3u8
265,Intro,https://d387613w8yyayj.cloudfront.net/254_2022_06_01_08_15_24_21428788/index.m3u8
266,Intro Session,https://d387613w8yyayj.cloudfront.net/254_2022_06_01_07_29_29_12849737/index.m3u8
267,New clip test,https://d387613w8yyayj.cloudfront.net/458_2022_05_20_09_08_21_18394712/index.m3u8
268,New clip test,https://d387613w8yyayj.cloudfront.net/458_2022_05_20_09_08_21_18394712/index.m3u8
269,New clip test,https://d387613w8yyayj.cloudfront.net/458_2022_05_20_09_08_21_18394712/index.m3u8
270,New clip test,https://d387613w8yyayj.cloudfront.net/458_2022_05_20_09_08_21_18394712/index.m3u8
271,New clip test,https://d387613w8yyayj.cloudfront.net/458_2022_05_20_09_08_21_18394712/index.m3u8
272,New clip test,https://d387613w8yyayj.cloudfront.net/458_2022_05_20_09_08_21_18394712/index.m3u8
273,New clip test,https://d387613w8yyayj.cloudfront.net/458_2022_05_20_09_08_21_18394712/index.m3u8
274,New clip test,https://d387613w8yyayj.cloudfront.net/458_2022_05_20_09_08_21_18394712/index.m3u8
275,New clip test,https://d387613w8yyayj.cloudfront.net/458_2022_05_20_09_08_21_18394712/index.m3u8
276,New clip test,https://d387613w8yyayj.cloudfront.net/458_2022_05_20_09_08_21_18394712/index.m3u8
277,New clip test,https://d387613w8yyayj.cloudfront.net/458_2022_05_20_09_08_21_18394712/index.m3u8
278,New clip test,https://d387613w8yyayj.cloudfront.net/458_2022_05_20_09_08_21_18394712/index.m3u8
279,New clip test,https://d387613w8yyayj.cloudfront.net/458_2022_05_20_09_08_21_18394712/index.m3u8
280,New clip test,https://d387613w8yyayj.cloudfront.net/458_2022_05_20_09_08_21_18394712/index.m3u8
281,New clip test,https://d387613w8yyayj.cloudfront.net/458_2022_05_20_09_08_21_18394712/index.m3u8
282,New clip test,https://d387613w8yyayj.cloudfront.net/458_2022_05_20_09_08_21_18394712/index.m3u8
283,New clip test,https://d387613w8yyayj.cloudfront.net/458_2022_05_20_09_08_21_18394712/index.m3u8
284,New clip test,https://d387613w8yyayj.cloudfront.net/458_2022_05_20_09_08_21_18394712/index.m3u8
285,New clip test,https://d387613w8yyayj.cloudfront.net/458_2022_05_20_09_08_21_18394712/index.m3u8
286,New clip test,https://d387613w8yyayj.cloudfront.net/458_2022_05_20_09_08_21_18394712/index.m3u8
287,New clip test,https://d387613w8yyayj.cloudfront.net/458_2022_05_20_09_08_21_18394712/index.m3u8
288,New clip test,https://d387613w8yyayj.cloudfront.net/458_2022_05_20_09_08_21_18394712/index.m3u8
289,New clip test,https://d387613w8yyayj.cloudfront.net/458_2022_05_20_09_08_21_18394712/index.m3u8
290,New clip test,https://d387613w8yyayj.cloudfront.net/458_2022_05_20_09_08_21_18394712/index.m3u8
291,New clip test,https://d387613w8yyayj.cloudfront.net/458_2022_05_20_09_08_21_18394712/index.m3u8
292,New clip test,https://d387613w8yyayj.cloudfront.net/458_2022_05_20_09_08_21_18394712/index.m3u8
293,New clip test,https://d387613w8yyayj.cloudfront.net/458_2022_05_20_09_08_21_18394712/index.m3u8
294,New clip test,https://d387613w8yyayj.cloudfront.net/458_2022_05_20_09_08_21_18394712/index.m3u8
295,New clip test,https://d387613w8yyayj.cloudfront.net/458_2022_05_20_09_08_21_18394712/index.m3u8
296,New clip test,https://d387613w8yyayj.cloudfront.net/458_2022_05_20_09_08_21_18394712/index.m3u8
297,New clip test,https://d387613w8yyayj.cloudfront.net/458_2022_05_20_09_08_21_18394712/index.m3u8
298,New clip test,https://d387613w8yyayj.cloudfront.net/458_2022_05_20_09_08_21_18394712/index.m3u8
299,New clip test,https://d387613w8yyayj.cloudfront.net/458_2022_05_20_09_08_21_18394712/index.m3u8
300,New clip test,https://d387613w8yyayj.cloudfront.net/458_2022_05_20_09_08_21_18394712/index.m3u8
301,New clip test,https://d387613w8yyayj.cloudfront.net/458_2022_05_20_09_08_21_18394712/index.m3u8
302,New clip test,https://d387613w8yyayj.cloudfront.net/458_2022_05_20_09_08_21_18394712/index.m3u8
303,New clip test,https://d387613w8yyayj.cloudfront.net/458_2022_05_20_09_08_21_18394712/index.m3u8
304,New clip test,https://d387613w8yyayj.cloudfront.net/458_2022_05_20_09_08_21_18394712/index.m3u8
305,New clip test,https://d387613w8yyayj.cloudfront.net/458_2022_05_20_09_08_21_18394712/index.m3u8
306,New clip test,https://d387613w8yyayj.cloudfront.net/458_2022_05_20_09_08_21_18394712/index.m3u8
307,New clip test,https://d387613w8yyayj.cloudfront.net/458_2022_05_20_09_08_21_18394712/index.m3u8
308,New clip test,https://d387613w8yyayj.cloudfront.net/458_2022_05_20_09_08_21_18394712/index.m3u8
309,New clip test,https://d387613w8yyayj.cloudfront.net/458_2022_05_20_09_08_21_18394712/index.m3u8
310,New clip test,https://d387613w8yyayj.cloudfront.net/458_2022_05_20_09_08_21_18394712/index.m3u8
311,New clip test,https://d387613w8yyayj.cloudfront.net/458_2022_05_20_09_08_21_18394712/index.m3u8
312,New clip test,https://d387613w8yyayj.cloudfront.net/458_2022_05_20_09_08_21_18394712/index.m3u8
313,New clip test,https://d387613w8yyayj.cloudfront.net/458_2022_05_20_09_08_21_18394712/index.m3u8
314,New clip test,https://d387613w8yyayj.cloudfront.net/458_2022_05_20_09_08_21_18394712/index.m3u8
315,New clip test,https://d387613w8yyayj.cloudfront.net/458_2022_05_20_09_08_21_18394712/index.m3u8
316,New clip test,https://d387613w8yyayj.cloudfront.net/458_2022_05_20_09_08_21_18394712/index.m3u8
317,New clip test,https://d387613w8yyayj.cloudfront.net/458_2022_05_20_09_08_21_18394712/index.m3u8
318,New clip test,https://d387613w8yyayj.cloudfront.net/458_2022_05_20_09_08_21_18394712/index.m3u8
319,New clip test,https://d387613w8yyayj.cloudfront.net/458_2022_05_20_09_08_21_18394712/index.m3u8
320,New clip test,https://d387613w8yyayj.cloudfront.net/458_2022_05_20_09_08_21_18394712/index.m3u8
321,New clip test,https://d387613w8yyayj.cloudfront.net/458_2022_05_20_09_08_21_18394712/index.m3u8
322,New clip test,https://d387613w8yyayj.cloudfront.net/458_2022_05_20_09_08_21_18394712/index.m3u8
323,New clip test,https://d387613w8yyayj.cloudfront.net/458_2022_05_20_09_08_21_18394712/index.m3u8
324,New clip test,https://d387613w8yyayj.cloudfront.net/458_2022_05_20_09_08_21_18394712/index.m3u8
325,New clip test,https://d387613w8yyayj.cloudfront.net/458_2022_05_20_09_08_21_18394712/index.m3u8
326,New clip test,https://d387613w8yyayj.cloudfront.net/458_2022_05_20_09_08_21_18394712/index.m3u8
327,New clip test,https://d387613w8yyayj.cloudfront.net/458_2022_05_20_09_08_21_18394712/index.m3u8
328,PLWK,https://d387613w8yyayj.cloudfront.net/403_2022_05_31_14_41_49_17431287/index.m3u8
329,Test with Match Number,https://d387613w8yyayj.cloudfront.net/103_2022_05_31_15_02_14_1450919/index.m3u8
330,Test,https://d387613w8yyayj.cloudfront.net/403_2022_05_31_14_26_59_4827417/index.m3u8
331,New clip test,https://d387613w8yyayj.cloudfront.net/458_2022_05_20_09_08_21_18394712/index.m3u8
332,Clasificación Main Stage Día 3,https://d387613w8yyayj.cloudfront.net/429_2022_05_21_13_09_47_4659515/index.m3u8
333,MDay 2,https://d387613w8yyayj.cloudfront.net/403_2022_05_20_14_45_26_15897665/index.m3u8
334,Main Stage D2,https://d387613w8yyayj.cloudfront.net/403_2022_05_20_14_32_13_1984649/index.m3u8
335,Clasificación Main Stage Día 2,https://d387613w8yyayj.cloudfront.net/429_2022_05_20_14_23_59_5955294/index.m3u8
336,FIFAe Nations Online Qualifiers 2022 | Main Stage,https://d387613w8yyayj.cloudfront.net/458_2022_05_20_09_08_21_18394712/index.m3u8
337,FIFAe Nations Online Qualifiers Main Stage 2022,https://d387613w8yyayj.cloudfront.net/458_2022_05_20_08_29_59_16843707/index.m3u8
338,test,https://d387613w8yyayj.cloudfront.net/403_2022_05_19_19_31_50_15225989/index.m3u8
339,Convo dia 1,https://d387613w8yyayj.cloudfront.net/429_2022_05_19_14_43_21_22505575/index.m3u8
340,Main Stage FENC - DAY 1,https://d387613w8yyayj.cloudfront.net/403_2022_05_19_14_18_21_17214493/index.m3u8
341,Clasificatorio Main Stage Día 1,https://d387613w8yyayj.cloudfront.net/429_2022_05_19_12_54_53_233619/index.m3u8
342,prueba,https://d387613w8yyayj.cloudfront.net/429_2022_05_19_10_58_06_12333940/index.m3u8
343,Convocatoria mayo #FIFA22 | Main Stage #FeNS,https://d387613w8yyayj.cloudfront.net/429_2022_05_17_10_33_43_17452749/index.m3u8
344,prueba,https://d387613w8yyayj.cloudfront.net/429_2022_05_17_10_22_46_6887152/index.m3u8
345,Testing release 2.16,https://d387613w8yyayj.cloudfront.net/184_2022_05_16_13_17_16_4765887/index.m3u8
346,l1,https://d387613w8yyayj.cloudfront.net/187_2022_05_16_10_52_13_22185796/index.m3u8
347,Destination Denmark - Day 2,https://d387613w8yyayj.cloudfront.net/403_2022_05_13_14_08_37_21238232/index.m3u8
348,Destination Denmark eFriendly Cup - D1,https://d387613w8yyayj.cloudfront.net/403_2022_05_12_14_12_25_3571113/index.m3u8
349,prueba,https://d387613w8yyayj.cloudfront.net/429_2022_05_10_08_48_15_18266297/index.m3u8
350,prueba2,https://d387613w8yyayj.cloudfront.net/429_2022_05_04_09_16_58_15182412/index.m3u8
351,prueba,https://d387613w8yyayj.cloudfront.net/429_2022_05_04_08_48_27_19177830/index.m3u8
352,Auto Tagging Demo v2,https://d387613w8yyayj.cloudfront.net/364_2022_04_13_14_10_20_18908141/index.m3u8
353,Norway review - 15.03.2022,https://d387613w8yyayj.cloudfront.net/402_2022_03_10_14_53_12_15227505/index.m3u8
354,Norway review - 15.03.2022,https://d387613w8yyayj.cloudfront.net/402_2022_03_10_14_53_12_15227505/index.m3u8
355,MW4-D2,https://d387613w8yyayj.cloudfront.net/403_2022_04_08_14_24_35_17660963/index.m3u8
356,Play In W4 Day2,https://d387613w8yyayj.cloudfront.net/429_2022_04_08_12_07_57_16507674/index.m3u8
357,eFotbollslandslaget 8 april 2022,https://d387613w8yyayj.cloudfront.net/405_2022_04_08_09_27_38_2753730/index.m3u8
358,test 3,https://d387613w8yyayj.cloudfront.net/403_2022_04_08_10_48_00_15722455/index.m3u8
359,FIFAe Nations Online Qualifiers 2022 Play-Ins #MatchWeek4,https://d387613w8yyayj.cloudfront.net/458_2022_04_07_11_34_10_11573184/index.m3u8
360,Play In W4 day 1,https://d387613w8yyayj.cloudfront.net/429_2022_04_07_10_03_25_10257322/index.m3u8
361,eFotbollslandslaget 7 april,https://d387613w8yyayj.cloudfront.net/405_2022_04_07_13_37_59_14355499/index.m3u8
362,TEST111,https://d387613w8yyayj.cloudfront.net/403_2022_04_07_14_01_59_21833572/index.m3u8
363,Norway review - 15.03.2022,https://d387613w8yyayj.cloudfront.net/402_2022_03_10_14_53_12_15227505/index.m3u8
364,Norway review - 15.03.2022,https://d387613w8yyayj.cloudfront.net/402_2022_03_10_14_53_12_15227505/index.m3u8
365,before release test 1,https://d387613w8yyayj.cloudfront.net/184_2022_04_07_09_29_07_12673613/index.m3u8
366,Norway review - 15.03.2022,https://d387613w8yyayj.cloudfront.net/402_2022_03_10_14_53_12_15227505/index.m3u8
367,test again with custom tag duration,https://d387613w8yyayj.cloudfront.net/103_2022_04_06_16_08_08_9481213/index.m3u8
368,test with changed boundaries,https://d387613w8yyayj.cloudfront.net/103_2022_04_06_15_03_56_4599091/index.m3u8
369,Norway review - 15.03.2022,https://d387613w8yyayj.cloudfront.net/402_2022_03_10_14_53_12_15227505/index.m3u8
370,Norway review - 15.03.2022,https://d387613w8yyayj.cloudfront.net/402_2022_03_10_14_53_12_15227505/index.m3u8
371,Norway review - 15.03.2022,https://d387613w8yyayj.cloudfront.net/402_2022_03_10_14_53_12_15227505/index.m3u8
372,Norway review - 15.03.2022,https://d387613w8yyayj.cloudfront.net/402_2022_03_10_14_53_12_15227505/index.m3u8
373,Norway review - 15.03.2022,https://d387613w8yyayj.cloudfront.net/402_2022_03_10_14_53_12_15227505/index.m3u8
374,Norway review - 15.03.2022,https://d387613w8yyayj.cloudfront.net/402_2022_03_10_14_53_12_15227505/index.m3u8
375,Norway review - 15.03.2022,https://d387613w8yyayj.cloudfront.net/402_2022_03_10_14_53_12_15227505/index.m3u8
376,Norway review - 15.03.2022,https://d387613w8yyayj.cloudfront.net/402_2022_03_10_14_53_12_15227505/index.m3u8
377,Norway review - 15.03.2022,https://d387613w8yyayj.cloudfront.net/402_2022_03_10_14_53_12_15227505/index.m3u8
378,without tag corrections,https://d387613w8yyayj.cloudfront.net/103_2022_04_06_14_46_31_18029211/index.m3u8
379,eCopa RFEF Final,https://d387613w8yyayj.cloudfront.net/429_2022_03_31_09_34_08_21700999/index.m3u8
380,eCopa RFEF 22,https://d387613w8yyayj.cloudfront.net/429_2022_03_31_09_33_21_14831707/index.m3u8
381,Auto Tagging Demo,https://d387613w8yyayj.cloudfront.net/364_2022_03_30_12_09_38_3516692/index.m3u8
382,test before release,https://d387613w8yyayj.cloudfront.net/276_2022_03_30_09_17_48_16049884/index.m3u8
383,Test fifa March 29,https://d387613w8yyayj.cloudfront.net/103_2022_03_29_09_34_23_11732452/index.m3u8
384,test fca 4,https://d387613w8yyayj.cloudfront.net/198_2022_03_29_07_56_28_16276152/index.m3u8
385,KMZ Test,https://d387613w8yyayj.cloudfront.net/198_2022_03_29_07_43_41_17860727/index.m3u8
386,test 3,https://d387613w8yyayj.cloudfront.net/198_2022_03_28_14_06_53_11386547/index.m3u8
387,test 3,https://d387613w8yyayj.cloudfront.net/198_2022_03_28_13_28_05_7014579/index.m3u8
388,Norway review - 15.03.2022,https://d387613w8yyayj.cloudfront.net/402_2022_03_10_14_53_12_15227505/index.m3u8
389,Norway review - 15.03.2022,https://d387613w8yyayj.cloudfront.net/402_2022_03_10_14_53_12_15227505/index.m3u8
390,test 18th v2,https://d387613w8yyayj.cloudfront.net/198_2022_03_28_12_59_49_15523696/index.m3u8
391,e2e test fc augsburg,https://d387613w8yyayj.cloudfront.net/198_2022_03_24_14_28_55_21022906/index.m3u8
392,local test 2,https://d387613w8yyayj.cloudfront.net/19_2022_03_24_12_15_14_2141197/index.m3u8
393,test 2,https://d387613w8yyayj.cloudfront.net/198_2022_03_23_16_57_17_17419801/index.m3u8
394,test 1 fc augsburg,https://d387613w8yyayj.cloudfront.net/198_2022_03_23_16_27_51_3265537/index.m3u8
395,SS 3,https://d387613w8yyayj.cloudfront.net/347_2022_03_21_12_22_31_8042466/index.m3u8
396,Seperate Score Test,https://d387613w8yyayj.cloudfront.net/347_2022_03_21_11_29_47_9044182/index.m3u8
397,LastChance,https://d387613w8yyayj.cloudfront.net/429_2022_03_18_11_20_43_3051213/index.m3u8
398,Norway review - 15.03.2022,https://d387613w8yyayj.cloudfront.net/402_2022_03_10_14_53_12_15227505/index.m3u8
399,Norway review - 15.03.2022,https://d387613w8yyayj.cloudfront.net/402_2022_03_11_15_29_49_6590763/index.m3u8
400,Norway review - 15.03.2022,https://d387613w8yyayj.cloudfront.net/402_2022_03_11_15_29_49_6590763/index.m3u8
401,Norway review - 15.03.2022,https://d387613w8yyayj.cloudfront.net/403_2022_03_10_13_24_21_9208969/index.m3u8
402,Iteration Test 07.12 - 1,https://d387613w8yyayj.cloudfront.net/403_2022_03_10_13_24_21_9208969/index.m3u8
403,FIFAe Nations Cup Week 3 Day 2,https://d387613w8yyayj.cloudfront.net/429_2022_03_10_20_36_46_2494439/index.m3u8
404,FIFAe Nations Cup - MW3 Day2 Polish FA,https://d387613w8yyayj.cloudfront.net/403_2022_03_11_12_23_53_16216990/index.m3u8
405,FIFA 22 - eNations 2022 Play-ins 3 - DAY 2,https://d387613w8yyayj.cloudfront.net/400_2022_03_11_15_39_47_1431656/index.m3u8
406,fenc,https://d387613w8yyayj.cloudfront.net/402_2022_03_11_15_29_49_6590763/index.m3u8
407,Sverige 11 mars 2022,https://d387613w8yyayj.cloudfront.net/405_2022_03_11_15_25_42_12301478/index.m3u8
408,Iteration Test 07.12 - 1,https://d387613w8yyayj.cloudfront.net/403_2022_03_10_13_24_21_9208969/index.m3u8
409,Iteration Test 07.12 - 1,https://d387613w8yyayj.cloudfront.net/403_2022_03_10_13_24_21_9208969/index.m3u8
410,Iteration Test 07.12 - 1,https://d387613w8yyayj.cloudfront.net/403_2022_03_10_13_24_21_9208969/index.m3u8
411,Iteration Test 07.12 - 1,https://d387613w8yyayj.cloudfront.net/403_2022_03_10_13_24_21_9208969/index.m3u8
412,Iteration Test 07.12 - 1,https://d387613w8yyayj.cloudfront.net/403_2022_03_10_13_24_21_9208969/index.m3u8
413,Iteration Test 07.12 - 1,https://d387613w8yyayj.cloudfront.net/403_2022_03_10_13_24_21_9208969/index.m3u8
414,Iteration Test 07.12 - 1,https://d387613w8yyayj.cloudfront.net/403_2022_03_10_13_24_21_9208969/index.m3u8
415,Iteration Test 07.12 - 1,https://d387613w8yyayj.cloudfront.net/403_2022_03_10_13_24_21_9208969/index.m3u8
416,Iteration Test 07.12 - 1,https://d387613w8yyayj.cloudfront.net/403_2022_03_10_13_24_21_9208969/index.m3u8
417,Iteration Test 07.12 - 1,https://d387613w8yyayj.cloudfront.net/403_2022_03_10_13_24_21_9208969/index.m3u8
418,Iteration Test 07.12 - 1,https://d387613w8yyayj.cloudfront.net/403_2022_03_10_13_24_21_9208969/index.m3u8
419,Iteration Test 07.12 - 1,https://d387613w8yyayj.cloudfront.net/403_2022_03_10_13_24_21_9208969/index.m3u8
420,Iteration Test 07.12 - 1,https://d387613w8yyayj.cloudfront.net/403_2022_03_10_13_24_21_9208969/index.m3u8
421,Iteration Test 07.12 - 1,https://d387613w8yyayj.cloudfront.net/403_2022_03_10_13_24_21_9208969/index.m3u8
422,Iteration Test 07.12 - 1,https://d387613w8yyayj.cloudfront.net/403_2022_03_10_13_24_21_9208969/index.m3u8
423,Iteration Test 07.12 - 1,https://d387613w8yyayj.cloudfront.net/403_2022_03_10_13_24_21_9208969/index.m3u8
424,Iteration Test 07.12 - 1,https://d387613w8yyayj.cloudfront.net/403_2022_03_10_13_24_21_9208969/index.m3u8
425,Iteration Test 07.12 - 1,https://d387613w8yyayj.cloudfront.net/403_2022_03_10_13_24_21_9208969/index.m3u8
426,Iteration Test 07.12 - 1,https://d387613w8yyayj.cloudfront.net/403_2022_03_10_13_24_21_9208969/index.m3u8
427,Iteration Test 07.12 - 1,https://d387613w8yyayj.cloudfront.net/103_2022_03_03_15_20_40_5176139/index.m3u8
428,Iteration Test 07.12 - 1,https://d387613w8yyayj.cloudfront.net/103_2022_03_03_15_20_40_5176139/index.m3u8
429,Iteration Test 07.12 - 1,https://d387613w8yyayj.cloudfront.net/103_2022_03_03_15_20_40_5176139/index.m3u8
430,Iteration Test 07.12 - 1,https://d387613w8yyayj.cloudfront.net/103_2022_03_03_15_20_40_5176139/index.m3u8
431,Iteration Test 07.12 - 1,https://d387613w8yyayj.cloudfront.net/103_2022_03_03_15_20_40_5176139/index.m3u8
432,FIFAe Nations MW3 - Polish FA,https://d387613w8yyayj.cloudfront.net/403_2022_03_10_13_24_21_9208969/index.m3u8
433,Play In Week 3,https://d387613w8yyayj.cloudfront.net/429_2022_03_08_07_59_13_1937/index.m3u8
434,Sverige 10 mars 2022,https://d387613w8yyayj.cloudfront.net/405_2022_03_10_15_27_28_5748513/index.m3u8
435,FeNC kampuke 3,https://d387613w8yyayj.cloudfront.net/402_2022_03_10_14_53_12_15227505/index.m3u8
436,"E_Oranje - FIFAe Play-ins, round 3 - day 1 | FIFA 22",https://d387613w8yyayj.cloudfront.net/400_2022_03_10_14_09_37_20362838/index.m3u8
437,Test-final,https://d387613w8yyayj.cloudfront.net/403_2022_03_10_13_02_00_7512215/index.m3u8
438,obs-test-march-22,https://d387613w8yyayj.cloudfront.net/383_2022_03_10_10_49_23_20844001/index.m3u8
439,kmz 2 NO,https://d387613w8yyayj.cloudfront.net/347_2022_03_09_22_22_41_17888788/index.m3u8
440,kmz test NO,https://d387613w8yyayj.cloudfront.net/347_2022_03_09_20_17_18_4991977/index.m3u8
441,Test 2,https://d387613w8yyayj.cloudfront.net/403_2022_03_09_15_04_17_12907025/index.m3u8
442,FeNC Online Qualifiers,https://d387613w8yyayj.cloudfront.net/402_2022_03_09_10_15_14_6101989/index.m3u8
443,Test before the release,https://d387613w8yyayj.cloudfront.net/184_2022_03_08_11_15_34_16801388/index.m3u8
444,params test,https://d387613w8yyayj.cloudfront.net/1_2022_03_07_08_51_15_19980000/index.m3u8
445,e2e test 23,https://d387613w8yyayj.cloudfront.net/103_2022_03_06_21_02_19_9432107/index.m3u8
446,test e2e 21,https://d387613w8yyayj.cloudfront.net/103_2022_03_06_20_45_49_9594185/index.m3u8
447,e2e test 20,https://d387613w8yyayj.cloudfront.net/155_2022_03_06_20_19_49_1733303/index.m3u8
448,06. März 2022 | 2. Lauf | Frauen Riesenslalom | Lenzerheide 2022,https://d387613w8yyayj.cloudfront.net/383_2022_03_02_08_31_20_7182246/index.m3u8
449,06. März 2022 | 1. Lauf | Frauen Riesenslalom | Lenzerheide 2022,https://d387613w8yyayj.cloudfront.net/383_2022_03_02_08_30_20_2897938/index.m3u8
450,05. März 2022 | Frauen Super-G | Lenzerheide 2022,https://d387613w8yyayj.cloudfront.net/383_2022_03_02_08_26_24_12524009/index.m3u8
451,test,https://d387613w8yyayj.cloudfront.net/1_2022_03_04_20_33_47_10031046/index.m3u8
452,e2e test 15 skiAlpin,https://d387613w8yyayj.cloudfront.net/155_2022_03_04_16_43_45_4484486/index.m3u8
453,test e2e 14,https://d387613w8yyayj.cloudfront.net/103_2022_03_04_16_31_48_9744488/index.m3u8
454,e2e test 13,https://d387613w8yyayj.cloudfront.net/103_2022_03_04_14_51_29_20469966/index.m3u8
455,Iteration Test 07.12 - 1,https://d387613w8yyayj.cloudfront.net/103_2022_03_03_15_20_40_5176139/index.m3u8
456,Iteration Test 07.12 - 1,https://d387613w8yyayj.cloudfront.net/103_2022_03_03_15_23_12_8685435/index.m3u8
457,e2e test 11 skialpin,https://d387613w8yyayj.cloudfront.net/155_2022_03_04_08_19_42_17187407/index.m3u8
458,test e2e 10 skiaplin,https://d387613w8yyayj.cloudfront.net/155_2022_03_04_07_55_05_7680634/index.m3u8
459,e2e test skiaplin 1,https://d387613w8yyayj.cloudfront.net/155_2022_03_03_16_07_43_17704809/index.m3u8
460,e2e test 7 SPAIN,https://d387613w8yyayj.cloudfront.net/103_2022_03_03_16_01_12_12940546/index.m3u8
461,e2e test 6 - POLAND,https://d387613w8yyayj.cloudfront.net/103_2022_03_03_15_23_12_8685435/index.m3u8
462,e2e test 5,https://d387613w8yyayj.cloudfront.net/103_2022_03_03_15_20_40_5176139/index.m3u8
463,e2e test 4,https://d387613w8yyayj.cloudfront.net/103_2022_03_03_15_02_19_2082164/index.m3u8
464,test e2e 3,https://d387613w8yyayj.cloudfront.net/103_2022_03_03_14_23_03_22344091/index.m3u8
465,test e2e 2,https://d387613w8yyayj.cloudfront.net/103_2022_03_03_11_28_00_7595878/index.m3u8
466,e2e test 1,https://d387613w8yyayj.cloudfront.net/103_2022_03_03_11_15_20_22354876/index.m3u8
467,Pro Challenge,https://d387613w8yyayj.cloudfront.net/403_2022_03_02_14_28_55_22330826/index.m3u8
468,Test,https://d387613w8yyayj.cloudfront.net/402_2022_03_02_11_57_38_11747115/index.m3u8
469,Iteration Test 07.12 - 1,https://d387613w8yyayj.cloudfront.net/402_2022_03_01_09_02_00_12268796/index.m3u8
470,Test,https://d387613w8yyayj.cloudfront.net/402_2022_03_01_09_02_00_12268796/index.m3u8
471,FeNC kvalifisering - Kampuke 3 - Dag 1,https://d387613w8yyayj.cloudfront.net/402_2022_03_01_08_13_09_6300242/index.m3u8
472,27. Februar 2022 | Weltcup Abfahrt Sonntag | Crans-Montana,https://d387613w8yyayj.cloudfront.net/383_2022_02_24_12_48_05_18933687/index.m3u8
473,26. Februar 2022 | Weltcup Abfahrt Samstag | Crans-Montana,https://d387613w8yyayj.cloudfront.net/383_2022_02_24_12_45_33_6880756/index.m3u8
474,Iteration Test 07.12 - 1,https://d387613w8yyayj.cloudfront.net/383_2022_02_24_12_47_04_18721610/index.m3u8
475,25. Februar 2022 | Abfahrtstraining | Crans-Montana,https://d387613w8yyayj.cloudfront.net/383_2022_02_24_12_47_04_18721610/index.m3u8
476,KMZ Test 3,https://d387613w8yyayj.cloudfront.net/383_2022_02_24_09_58_14_14045635/index.m3u8
477,KMZ Test 2,https://d387613w8yyayj.cloudfront.net/383_2022_02_24_09_35_03_22880511/index.m3u8
478,KMZ Test,https://d387613w8yyayj.cloudfront.net/383_2022_02_23_23_16_18_17415636/index.m3u8
479,SKI Test,https://d387613w8yyayj.cloudfront.net/383_2022_02_23_21_51_17_18164213/index.m3u8
480,KMZ4,https://d387613w8yyayj.cloudfront.net/224_2022_02_23_13_47_11_16346611/index.m3u8
481,KMZ 3,https://d387613w8yyayj.cloudfront.net/224_2022_02_23_13_03_50_17928824/index.m3u8
482,KMZ 2,https://d387613w8yyayj.cloudfront.net/224_2022_02_23_10_34_23_10621368/index.m3u8
483,KMZ Test 23.02,https://d387613w8yyayj.cloudfront.net/224_2022_02_23_10_28_29_22060225/index.m3u8
484,Iteration Test 07.12 - 1,https://d387613w8yyayj.cloudfront.net/224_2022_02_16_19_49_14_5676770/index.m3u8
485,SKI Demo 17.02.22,https://d387613w8yyayj.cloudfront.net/224_2022_02_16_21_38_17_8683687/index.m3u8
486,Iteration Test 07.12 - 1,https://d387613w8yyayj.cloudfront.net/224_2022_02_16_20_48_25_16435604/index.m3u8
487,SKI Demo 3,https://d387613w8yyayj.cloudfront.net/224_2022_02_16_20_48_25_16435604/index.m3u8
488,SKI Demo 2,https://d387613w8yyayj.cloudfront.net/224_2022_02_16_19_52_18_12067838/index.m3u8
489,SKI Demo 1,https://d387613w8yyayj.cloudfront.net/224_2022_02_16_19_49_14_5676770/index.m3u8
490,kmz 4,https://d387613w8yyayj.cloudfront.net/224_2022_02_16_16_59_45_8991761/index.m3u8
491,kmz 3,https://d387613w8yyayj.cloudfront.net/224_2022_02_16_16_32_48_16617820/index.m3u8
492,KMZ 2,https://d387613w8yyayj.cloudfront.net/224_2022_02_16_16_21_04_17986285/index.m3u8
493,KMZ Test 1,https://d387613w8yyayj.cloudfront.net/224_2022_02_16_15_04_35_1911351/index.m3u8
494,Iteration Test 07.12 - 1,https://d387613w8yyayj.cloudfront.net/155_2022_02_14_19_35_19_22393778/index.m3u8
495,Iteration Test 07.12 - 1,https://d387613w8yyayj.cloudfront.net/155_2022_02_14_19_35_19_22393778/index.m3u8
496,test 1,https://d387613w8yyayj.cloudfront.net/224_2022_02_15_14_58_31_11637047/index.m3u8
497,Iteration Test 07.12 - 1,https://d387613w8yyayj.cloudfront.net/155_2022_02_14_19_35_19_22393778/index.m3u8
498,Iteration Test 07.12 - 1,https://d387613w8yyayj.cloudfront.net/155_2022_02_14_19_35_19_22393778/index.m3u8
499,Iteration Test 07.12 - 1,https://d387613w8yyayj.cloudfront.net/155_2022_02_14_15_03_01_22119997/index.m3u8
500,Iteration Test 07.12 - 1,https://d387613w8yyayj.cloudfront.net/155_2022_02_14_19_35_19_22393778/index.m3u8
501,e2e test 2,https://d387613w8yyayj.cloudfront.net/155_2022_02_15_12_02_34_19003801/index.m3u8
502,e2e test 1,https://d387613w8yyayj.cloudfront.net/155_2022_02_14_19_35_19_22393778/index.m3u8
503,skialipn test 1,https://d387613w8yyayj.cloudfront.net/155_2022_02_14_15_03_01_22119997/index.m3u8
504,Iteration Test 07.12 - 1,https://d387613w8yyayj.cloudfront.net/429_2022_01_28_14_48_34_7523783/index.m3u8
505,Iteration Test 07.12 - 1,https://d387613w8yyayj.cloudfront.net/429_2022_01_28_14_48_34_7523783/index.m3u8
506,Iteration Test 07.12 - 1,https://d387613w8yyayj.cloudfront.net/429_2022_01_28_14_48_34_7523783/index.m3u8
507,Iteration Test 07.12 - 1,https://d387613w8yyayj.cloudfront.net/429_2022_01_28_14_48_34_7523783/index.m3u8
508,Iteration Test 07.12 - 1,https://d387613w8yyayj.cloudfront.net/429_2022_01_28_14_48_34_7523783/index.m3u8
509,Iteration Test 07.12 - 1,https://d387613w8yyayj.cloudfront.net/429_2022_01_28_14_48_34_7523783/index.m3u8
510,Iteration Test 07.12 - 1,https://d387613w8yyayj.cloudfront.net/429_2022_01_28_14_48_34_7523783/index.m3u8
511,Iteration Test 07.12 - 1,https://d387613w8yyayj.cloudfront.net/429_2022_01_28_14_48_34_7523783/index.m3u8
512,Iteration Test 07.12 - 1,https://d387613w8yyayj.cloudfront.net/429_2022_01_28_14_48_34_7523783/index.m3u8
513,Iteration Test 07.12 - 1,https://d387613w8yyayj.cloudfront.net/429_2022_01_28_14_48_34_7523783/index.m3u8
514,Iteration Test 07.12 - 1,https://d387613w8yyayj.cloudfront.net/429_2022_01_28_14_48_34_7523783/index.m3u8
515,Iteration Test 07.12 - 1,https://d387613w8yyayj.cloudfront.net/429_2022_01_28_14_48_34_7523783/index.m3u8
516,Iteration Test 07.12 - 1,https://d387613w8yyayj.cloudfront.net/429_2022_01_28_14_48_34_7523783/index.m3u8
517,Iteration Test 07.12 - 1,https://d387613w8yyayj.cloudfront.net/429_2022_01_28_14_48_34_7523783/index.m3u8
518,Iteration Test 07.12 - 1,https://d387613w8yyayj.cloudfront.net/429_2022_01_28_14_48_34_7523783/index.m3u8
519,YOUR LIVESTREAM NEM,https://d387613w8yyayj.cloudfront.net/347_2022_02_03_12_16_45_14915706/index.m3u8
520,FIFAe 28/01,https://d387613w8yyayj.cloudfront.net/429_2022_01_28_14_48_34_7523783/index.m3u8
521,Sverige 28 jan,https://d387613w8yyayj.cloudfront.net/405_2022_01_28_14_15_07_8297898/index.m3u8
522,FIFAe 27/01,https://d387613w8yyayj.cloudfront.net/429_2022_01_27_15_38_56_3400899/index.m3u8
523,Sverige FeNSOQP-I - 27 januari,https://d387613w8yyayj.cloudfront.net/405_2022_01_27_11_54_51_15945726/index.m3u8
524,CABALTEST2,https://d387613w8yyayj.cloudfront.net/429_2022_01_27_13_12_12_22099730/index.m3u8
525,Iteration Test 07.12 - 1,https://d387613w8yyayj.cloudfront.net/429_2022_01_24_16_57_38_22713329/index.m3u8
526,prod rollback version test 1,https://d387613w8yyayj.cloudfront.net/393_2022_01_26_16_30_59_8949289/index.m3u8
527,prod test 4,https://d387613w8yyayj.cloudfront.net/393_2022_01_26_16_03_08_15919483/index.m3u8
528,prod test 3,https://d387613w8yyayj.cloudfront.net/393_2022_01_26_15_03_28_13252986/index.m3u8
529,Iteration Test 07.12 - 1,https://d387613w8yyayj.cloudfront.net/429_2022_01_24_16_57_38_22713329/index.m3u8
530,prod test 2,https://d387613w8yyayj.cloudfront.net/393_2022_01_26_14_42_28_7631460/index.m3u8
531,prod test 1,https://d387613w8yyayj.cloudfront.net/393_2022_01_26_13_57_00_23082434/index.m3u8
532,test e2e 5,https://d387613w8yyayj.cloudfront.net/103_2022_01_26_13_37_45_3717924/index.m3u8
533,e2e test 5 - only auto mode,https://d387613w8yyayj.cloudfront.net/103_2022_01_26_13_05_38_20142689/index.m3u8
534,e2e test 4,https://d387613w8yyayj.cloudfront.net/103_2022_01_26_12_48_43_22050078/index.m3u8
535,Iteration Test 07.12 - 1,https://d387613w8yyayj.cloudfront.net/429_2022_01_24_16_57_38_22713329/index.m3u8
536,e2e test 3,https://d387613w8yyayj.cloudfront.net/103_2022_01_26_10_09_24_16149275/index.m3u8
537,Iteration Test 07.12 - 1,https://d387613w8yyayj.cloudfront.net/429_2022_01_24_16_57_38_22713329/index.m3u8
538,Iteration Test 07.12 - 1,https://d387613w8yyayj.cloudfront.net/429_2022_01_24_16_57_38_22713329/index.m3u8
539,auto e2e2,https://d387613w8yyayj.cloudfront.net/103_2022_01_25_21_37_47_12742712/index.m3u8
540,Iteration Test 07.12 - 1,https://d387613w8yyayj.cloudfront.net/429_2022_01_24_16_57_38_22713329/index.m3u8
541,Iteration Test 07.12 - 1,https://d387613w8yyayj.cloudfront.net/429_2022_01_24_16_57_38_22713329/index.m3u8
542,Iteration Test 07.12 - 1,https://d387613w8yyayj.cloudfront.net/94_2022_01_23_13_11_03_7798281/index.m3u8
543,Iteration Test 07.12 - 1,https://d387613w8yyayj.cloudfront.net/94_2022_01_23_13_11_03_7798281/index.m3u8
544,Iteration Test 07.12 - 1,https://d387613w8yyayj.cloudfront.net/184_2021_12_12_22_54_31_9243531/index.m3u8
545,testcabal2,https://d387613w8yyayj.cloudfront.net/429_2022_01_24_16_57_38_22713329/index.m3u8
546,Test,https://d387613w8yyayj.cloudfront.net/429_2022_01_14_10_52_35_12006639/index.m3u8
547,SvFF Fre 17 DEC,https://d387613w8yyayj.cloudfront.net/405_2021_12_17_15_43_16_7789162/index.m3u8
548,eFotboll 17 december,https://d387613w8yyayj.cloudfront.net/405_2021_12_17_15_05_21_17545071/index.m3u8
549,KNVB Enations Qualifer - Day 2 - Dec 17th,https://d387613w8yyayj.cloudfront.net/400_2021_12_17_13_17_11_423525/index.m3u8
550,FIFAe Nations Series Play-Ins - South Africa vs UAE - South Africa vs KSA,https://d387613w8yyayj.cloudfront.net/417_2021_12_17_08_40_41_19982039/index.m3u8
551,eFotboll 16 dec,https://d387613w8yyayj.cloudfront.net/405_2021_12_16_14_56_10_562120/index.m3u8
552,KNVB Enations Qualifer - Day 1 - Dec 16th,https://d387613w8yyayj.cloudfront.net/400_2021_12_16_12_49_31_2071514/index.m3u8
553,TEst,https://d387613w8yyayj.cloudfront.net/405_2021_12_16_14_37_42_9961634/index.m3u8
554,KNVB Enations day1,https://d387613w8yyayj.cloudfront.net/400_2021_12_16_13_13_20_14308901/index.m3u8
555,Test,https://d387613w8yyayj.cloudfront.net/405_2021_12_16_14_20_22_16346093/index.m3u8
556,eFotbollslandslaget FIFAe Nations Cup-kval 16 dec TEST,https://d387613w8yyayj.cloudfront.net/405_2021_12_16_14_09_58_673794/index.m3u8
557,South Africa Test,https://d387613w8yyayj.cloudfront.net/393_2021_12_16_13_11_56_18013060/index.m3u8
558,sa v uae test,https://d387613w8yyayj.cloudfront.net/417_2021_12_16_11_18_50_19122285/index.m3u8
559,SA v UAE Test,https://d387613w8yyayj.cloudfront.net/417_2021_12_16_10_53_43_14058469/index.m3u8
560,South Africa vs United Arab Emirates | 16 December 2021 | FIFAe Nations Online Qualifiers 2022™ | Play Ins,https://d387613w8yyayj.cloudfront.net/417_2021_12_16_08_48_36_1287045/index.m3u8
561,load test 2 - 7,https://d387613w8yyayj.cloudfront.net/393_2021_12_15_10_26_07_11224348/index.m3u8
562,load test 2 - 13,https://d387613w8yyayj.cloudfront.net/393_2021_12_15_10_27_52_13305975/index.m3u8
563,load test 2 - 3,https://d387613w8yyayj.cloudfront.net/393_2021_12_15_10_24_53_11368775/index.m3u8
564,load test 2 - 6,https://d387613w8yyayj.cloudfront.net/393_2021_12_15_10_25_44_2212480/index.m3u8
565,load test 2 - 8,https://d387613w8yyayj.cloudfront.net/393_2021_12_15_10_26_22_14566791/index.m3u8
566,load test 2 - 5,https://d387613w8yyayj.cloudfront.net/393_2021_12_15_10_25_26_23006579/index.m3u8
567,load test 2 - 2,https://d387613w8yyayj.cloudfront.net/393_2021_12_15_10_24_36_20382283/index.m3u8
568,load test 2 - 15,https://d387613w8yyayj.cloudfront.net/393_2021_12_15_10_28_25_20637308/index.m3u8
569,load test 2 - 9,https://d387613w8yyayj.cloudfront.net/393_2021_12_15_10_26_37_10415014/index.m3u8
570,load test 2 - master,https://d387613w8yyayj.cloudfront.net/393_2021_12_15_10_23_46_7570939/index.m3u8
571,load test 2 - 4,https://d387613w8yyayj.cloudfront.net/393_2021_12_15_10_25_07_20094609/index.m3u8
572,load test 2 - 10,https://d387613w8yyayj.cloudfront.net/393_2021_12_15_10_27_05_11077163/index.m3u8
573,load test 2 - 14,https://d387613w8yyayj.cloudfront.net/393_2021_12_15_10_28_07_7402803/index.m3u8
574,load test 2 - 1,https://d387613w8yyayj.cloudfront.net/393_2021_12_15_10_24_10_2652501/index.m3u8
575,load test 2 - 12,https://d387613w8yyayj.cloudfront.net/393_2021_12_15_10_27_38_4294791/index.m3u8
576,load test 2 - 11,https://d387613w8yyayj.cloudfront.net/393_2021_12_15_10_27_21_7198460/index.m3u8
577,Test A,https://d387613w8yyayj.cloudfront.net/393_2021_12_15_09_25_08_21761370/index.m3u8
578,load test 7,https://d387613w8yyayj.cloudfront.net/393_2021_12_15_09_16_06_5412590/index.m3u8
579,load test 6,https://d387613w8yyayj.cloudfront.net/393_2021_12_15_09_15_48_19364710/index.m3u8
580,load test 4,https://d387613w8yyayj.cloudfront.net/393_2021_12_15_09_15_09_3505153/index.m3u8
581,load test 5,https://d387613w8yyayj.cloudfront.net/393_2021_12_15_09_15_27_15455314/index.m3u8
582,load test 3,https://d387613w8yyayj.cloudfront.net/393_2021_12_15_09_14_49_6847375/index.m3u8
583,load test 2,https://d387613w8yyayj.cloudfront.net/393_2021_12_15_09_14_24_19340630/index.m3u8
584,load test 1,https://d387613w8yyayj.cloudfront.net/393_2021_12_15_09_14_00_16521340/index.m3u8
585,Load test master,https://d387613w8yyayj.cloudfront.net/393_2021_12_15_09_12_50_5171060/index.m3u8
586,test after release,https://d387613w8yyayj.cloudfront.net/393_2021_12_15_08_49_47_17245398/index.m3u8
587,Iteration Test 07.12 - 1,https://d387613w8yyayj.cloudfront.net/184_2021_12_12_22_54_31_9243531/index.m3u8
588,Iteration Test 07.12 - 1,https://d387613w8yyayj.cloudfront.net/184_2021_12_12_22_54_31_9243531/index.m3u8
589,Iteration Test 07.12 - 1,https://d387613w8yyayj.cloudfront.net/184_2021_12_12_22_54_31_9243531/index.m3u8
590,Iteration Test 07.12 - 1,https://d387613w8yyayj.cloudfront.net/184_2021_12_12_22_54_31_9243531/index.m3u8
591,Iteration Test 07.12 - 1,https://d387613w8yyayj.cloudfront.net/184_2021_12_12_22_54_31_9243531/index.m3u8
592,Iteration Test 07.12 - 1,https://d387613w8yyayj.cloudfront.net/184_2021_12_12_22_54_31_9243531/index.m3u8
593,Iteration Test 07.12 - 1,https://d387613w8yyayj.cloudfront.net/184_2021_12_12_22_54_31_9243531/index.m3u8
594,Iteration Test 07.12 - 1,https://d387613w8yyayj.cloudfront.net/184_2021_12_12_22_54_31_9243531/index.m3u8
595,Iteration Test 07.12 - 1,https://d387613w8yyayj.cloudfront.net/184_2021_12_12_22_54_31_9243531/index.m3u8
596,Iteration Test 07.12 - 1,https://d387613w8yyayj.cloudfront.net/184_2021_12_12_22_54_31_9243531/index.m3u8
597,SNAPSHOT-71,https://d387613w8yyayj.cloudfront.net/184_2021_12_14_23_49_38_14275835/index.m3u8
598,test before release,https://d387613w8yyayj.cloudfront.net/189_2021_12_14_17_20_38_14245034/index.m3u8
599,Teststream AI Training,https://d387613w8yyayj.cloudfront.net/400_2021_12_14_14_05_00_22733017/index.m3u8
600,test delay,https://d387613w8yyayj.cloudfront.net/184_2021_12_14_10_40_38_4910209/index.m3u8
601,SNAPSHOT-70-Test-2,https://d387613w8yyayj.cloudfront.net/184_2021_12_14_07_04_59_21509247/index.m3u8
602,Iteration Test 07.12 - 1,https://d387613w8yyayj.cloudfront.net/184_2021_12_12_22_54_31_9243531/index.m3u8
603,Iteration Test 07.12 - 1,https://d387613w8yyayj.cloudfront.net/184_2021_12_12_22_54_31_9243531/index.m3u8
604,Iteration Test 07.12 - 1,https://d387613w8yyayj.cloudfront.net/184_2021_12_12_22_54_31_9243531/index.m3u8
605,Iteration Test 07.12 - 1,https://d387613w8yyayj.cloudfront.net/184_2021_12_12_22_54_31_9243531/index.m3u8
606,Iteration Test 07.12 - 1,https://d387613w8yyayj.cloudfront.net/184_2021_12_12_22_54_31_9243531/index.m3u8
607,Iteration Test 07.12 - 1,https://d387613w8yyayj.cloudfront.net/184_2021_12_12_22_54_31_9243531/index.m3u8
608,Iteration Test 07.12 - 1,https://d387613w8yyayj.cloudfront.net/184_2021_12_12_22_54_31_9243531/index.m3u8
609,Iteration Test 07.12 - 1,https://d387613w8yyayj.cloudfront.net/184_2021_12_12_22_54_31_9243531/index.m3u8
610,Iteration Test 07.12 - 1,https://d387613w8yyayj.cloudfront.net/184_2021_12_12_22_54_31_9243531/index.m3u8
611,Iteration Test 07.12 - 1,https://d387613w8yyayj.cloudfront.net/184_2021_12_12_22_54_31_9243531/index.m3u8
612,Iteration Test 07.12 - 1,https://d387613w8yyayj.cloudfront.net/184_2021_12_12_22_54_31_9243531/index.m3u8
613,Iteration Test 07.12 - 1,https://d387613w8yyayj.cloudfront.net/184_2021_12_12_22_54_31_9243531/index.m3u8
614,Iteration Test 07.12 - 1,https://d387613w8yyayj.cloudfront.net/184_2021_12_12_22_54_31_9243531/index.m3u8
615,Iteration Test 07.12 - 1,https://d387613w8yyayj.cloudfront.net/184_2021_12_12_22_54_31_9243531/index.m3u8
616,Iteration Test 07.12 - 1,https://d387613w8yyayj.cloudfront.net/184_2021_12_12_22_54_31_9243531/index.m3u8
617,Iteration Test 07.12 - 1,https://d387613w8yyayj.cloudfront.net/184_2021_12_12_22_54_31_9243531/index.m3u8
618,Iteration Test 07.12 - 1,https://d387613w8yyayj.cloudfront.net/184_2021_12_12_22_54_31_9243531/index.m3u8
619,Iteration Test 07.12 - 1,https://d387613w8yyayj.cloudfront.net/184_2021_12_12_22_54_31_9243531/index.m3u8
620,Iteration Test 07.12 - 1,https://d387613w8yyayj.cloudfront.net/184_2021_12_12_22_54_31_9243531/index.m3u8
621,Iteration Test 07.12 - 1,https://d387613w8yyayj.cloudfront.net/184_2021_12_12_22_54_31_9243531/index.m3u8
622,Iteration Test 07.12 - 1,https://d387613w8yyayj.cloudfront.net/184_2021_12_12_22_54_31_9243531/index.m3u8
623,Iteration Test 07.12 - 1,https://d387613w8yyayj.cloudfront.net/184_2021_12_12_22_54_31_9243531/index.m3u8
624,Iteration Test 07.12 - 1,https://d387613w8yyayj.cloudfront.net/184_2021_12_12_22_54_31_9243531/index.m3u8
625,Iteration Test 07.12 - 1,https://d387613w8yyayj.cloudfront.net/184_2021_12_12_22_54_31_9243531/index.m3u8
626,test new boxes,https://d387613w8yyayj.cloudfront.net/9_2021_12_13_16_10_43_17280858/index.m3u8
627,Iteration Test 07.12 - 1,https://d387613w8yyayj.cloudfront.net/184_2021_12_12_22_54_31_9243531/index.m3u8
628,SNAPSHOT-70 Test,https://d387613w8yyayj.cloudfront.net/184_2021_12_13_15_54_04_9775714/index.m3u8
629,Default Box configurations check,https://d387613w8yyayj.cloudfront.net/184_2021_12_13_14_47_31_10363934/index.m3u8
630,test sequence update,https://d387613w8yyayj.cloudfront.net/393_2021_12_13_10_16_48_3576386/index.m3u8
631,test delayed start,https://d387613w8yyayj.cloudfront.net/393_2021_12_13_08_23_59_6981896/index.m3u8
632,Iteration Test 07.12 - 1,https://d387613w8yyayj.cloudfront.net/184_2021_12_12_22_54_31_9243531/index.m3u8
633,Karlas Sportstudio am Sonntag 3,https://d387613w8yyayj.cloudfront.net/184_2021_12_12_22_54_31_9243531/index.m3u8
634,Karlas Sportstudio am Sonntag 2,https://d387613w8yyayj.cloudfront.net/184_2021_12_12_21_58_56_5216463/index.m3u8
635,Karlas Sportstudio am Sonntag,https://d387613w8yyayj.cloudfront.net/184_2021_12_12_13_19_54_12554437/index.m3u8
636,Karla Referenz Spiel,https://d387613w8yyayj.cloudfront.net/184_2021_12_10_20_13_03_21901023/index.m3u8
637,e2e test video2 v1,https://d387613w8yyayj.cloudfront.net/184_2021_12_10_17_37_20_9022026/index.m3u8
638,test e2e 26,https://d387613w8yyayj.cloudfront.net/184_2021_12_10_16_28_49_5067179/index.m3u8
639,Karla little detector test,https://d387613w8yyayj.cloudfront.net/184_2021_12_10_14_56_33_8059274/index.m3u8
640,test e2e 24,https://d387613w8yyayj.cloudfront.net/184_2021_12_10_13_40_45_2880996/index.m3u8
641,Test AI,https://d387613w8yyayj.cloudfront.net/184_2021_12_10_13_29_44_13604044/index.m3u8
642,Karla Test 1,https://d387613w8yyayj.cloudfront.net/393_2021_12_10_13_14_19_21921836/index.m3u8
643,test 123,https://d387613w8yyayj.cloudfront.net/184_2021_12_10_12_13_20_20435502/index.m3u8
644,e2e test 22,https://d387613w8yyayj.cloudfront.net/184_2021_12_10_11_57_15_16340959/index.m3u8
645,e2e test 21,https://d387613w8yyayj.cloudfront.net/184_2021_12_10_11_54_12_8881587/index.m3u8
646,test 22,https://d387613w8yyayj.cloudfront.net/393_2021_12_10_09_42_55_17077905/index.m3u8
647,Test,https://d387613w8yyayj.cloudfront.net/393_2021_12_10_03_33_12_13197573/index.m3u8
648,first time test,https://d387613w8yyayj.cloudfront.net/9_2021_12_09_22_14_44_3865414/index.m3u8
649,e2e test 20,https://d387613w8yyayj.cloudfront.net/184_2021_12_09_21_49_32_12500245/index.m3u8
650,Iteration Test 07.12 - 1,https://d387613w8yyayj.cloudfront.net/393_2021_12_08_13_15_17_3782948/index.m3u8
651,Iteration Test 07.12 - 1,https://d387613w8yyayj.cloudfront.net/393_2021_12_08_13_15_17_3782948/index.m3u8
652,Iteration Test 07.12 - 1,https://d387613w8yyayj.cloudfront.net/393_2021_12_08_13_15_17_3782948/index.m3u8
653,Iteration Test 07.12 - 1,https://d387613w8yyayj.cloudfront.net/393_2021_12_08_13_15_17_3782948/index.m3u8
654,Iteration Test 07.12 - 1,https://d387613w8yyayj.cloudfront.net/393_2021_12_08_13_15_17_3782948/index.m3u8
655,Iteration Test 07.12 - 1,https://d387613w8yyayj.cloudfront.net/393_2021_12_08_13_15_17_3782948/index.m3u8
656,Iteration Test 07.12 - 1,https://d387613w8yyayj.cloudfront.net/393_2021_12_08_13_15_17_3782948/index.m3u8
657,Iteration Test 07.12 - 1,https://d387613w8yyayj.cloudfront.net/393_2021_12_08_13_15_17_3782948/index.m3u8
658,Iteration Test 07.12 - 1,https://d387613w8yyayj.cloudfront.net/393_2021_12_08_13_15_17_3782948/index.m3u8
659,Iteration Test 07.12 - 1,https://d387613w8yyayj.cloudfront.net/393_2021_12_08_13_15_17_3782948/index.m3u8
660,Iteration Test 07.12 - 1,https://d387613w8yyayj.cloudfront.net/393_2021_12_08_13_15_17_3782948/index.m3u8
661,Iteration Test 07.12 - 1,https://d387613w8yyayj.cloudfront.net/393_2021_12_08_13_15_17_3782948/index.m3u8
662,Iteration Test 07.12 - 1,https://d387613w8yyayj.cloudfront.net/393_2021_12_08_13_15_17_3782948/index.m3u8
663,Iteration Test 07.12 - 1,https://d387613w8yyayj.cloudfront.net/393_2021_12_08_13_15_17_3782948/index.m3u8
664,Iteration Test 07.12 - 1,https://d387613w8yyayj.cloudfront.net/393_2021_12_08_13_15_17_3782948/index.m3u8
665,Iteration Test 07.12 - 1,https://d387613w8yyayj.cloudfront.net/393_2021_12_08_13_15_17_3782948/index.m3u8
666,Iteration Test 07.12 - 1,https://d387613w8yyayj.cloudfront.net/393_2021_12_08_13_15_17_3782948/index.m3u8
667,Iteration Test 07.12 - 1,https://d387613w8yyayj.cloudfront.net/393_2021_12_08_13_15_17_3782948/index.m3u8
668,Iteration Test 07.12 - 1,https://d387613w8yyayj.cloudfront.net/393_2021_12_08_13_15_17_3782948/index.m3u8
669,Iteration Test 07.12 - 1,https://d387613w8yyayj.cloudfront.net/393_2021_12_08_13_15_17_3782948/index.m3u8
670,Iteration Test 07.12 - 1,https://d387613w8yyayj.cloudfront.net/393_2021_12_08_13_15_17_3782948/index.m3u8
671,Iteration Test 07.12 - 1,https://d387613w8yyayj.cloudfront.net/393_2021_12_08_13_15_17_3782948/index.m3u8
672,Iteration Test 07.12 - 1,https://d387613w8yyayj.cloudfront.net/393_2021_12_08_13_15_17_3782948/index.m3u8
673,Iteration Test 07.12 - 1,https://d387613w8yyayj.cloudfront.net/393_2021_12_08_13_15_17_3782948/index.m3u8
674,Iteration Test 07.12 - 1,https://d387613w8yyayj.cloudfront.net/393_2021_12_08_13_15_17_3782948/index.m3u8
675,Iteration Test 07.12 - 1,https://d387613w8yyayj.cloudfront.net/393_2021_12_08_13_15_17_3782948/index.m3u8
676,Iteration Test 07.12 - 1,https://d387613w8yyayj.cloudfront.net/393_2021_12_08_13_15_17_3782948/index.m3u8
677,Iteration Test 07.12 - 1,https://d387613w8yyayj.cloudfront.net/393_2021_12_08_13_15_17_3782948/index.m3u8
678,Iteration Test 07.12 - 1,https://d387613w8yyayj.cloudfront.net/393_2021_12_08_13_15_17_3782948/index.m3u8
679,Iteration Test 07.12 - 1,https://d387613w8yyayj.cloudfront.net/393_2021_12_08_13_15_17_3782948/index.m3u8
680,Iteration Test 07.12 - 1,https://d387613w8yyayj.cloudfront.net/393_2021_12_08_13_15_17_3782948/index.m3u8
681,Iteration Test 07.12 - 1,https://d387613w8yyayj.cloudfront.net/393_2021_12_08_13_15_17_3782948/index.m3u8
682,Iteration Test 07.12 - 1,https://d387613w8yyayj.cloudfront.net/393_2021_12_08_13_15_17_3782948/index.m3u8
683,Iteration Test 07.12 - 1,https://d387613w8yyayj.cloudfront.net/393_2021_12_08_13_15_17_3782948/index.m3u8
684,Iteration Test 07.12 - 1,https://d387613w8yyayj.cloudfront.net/393_2021_12_08_13_15_17_3782948/index.m3u8
685,Iteration Test 07.12 - 1,https://d387613w8yyayj.cloudfront.net/393_2021_12_08_13_15_17_3782948/index.m3u8
686,Demo 10000,https://d387613w8yyayj.cloudfront.net/393_2021_12_09_10_04_50_13575723/index.m3u8
687,Iteration Test 07.12 - 1,https://d387613w8yyayj.cloudfront.net/393_2021_12_08_13_15_17_3782948/index.m3u8
688,Iteration Test 07.12 - 1,https://d387613w8yyayj.cloudfront.net/393_2021_12_08_13_15_17_3782948/index.m3u8
689,Iteration Test 07.12 - 1,https://d387613w8yyayj.cloudfront.net/393_2021_12_08_13_15_17_3782948/index.m3u8
690,Iteration Test 07.12 - 1,https://d387613w8yyayj.cloudfront.net/393_2021_12_08_13_15_17_3782948/index.m3u8
691,Iteration Test 07.12 - 1,https://d387613w8yyayj.cloudfront.net/393_2021_12_08_13_15_17_3782948/index.m3u8
692,Iteration Test 07.12 - 1,https://d387613w8yyayj.cloudfront.net/393_2021_12_08_13_15_17_3782948/index.m3u8
693,Iteration Test 07.12 - 1,https://d387613w8yyayj.cloudfront.net/393_2021_12_08_13_15_17_3782948/index.m3u8
694,Iteration Test 07.12 - 1,https://d387613w8yyayj.cloudfront.net/393_2021_12_08_13_15_17_3782948/index.m3u8
695,Iteration Test 07.12 - 1,https://d387613w8yyayj.cloudfront.net/393_2021_12_08_13_15_17_3782948/index.m3u8
696,Iteration Test 07.12 - 1,https://d387613w8yyayj.cloudfront.net/393_2021_12_08_13_15_17_3782948/index.m3u8
697,Iteration Test 07.12 - 1,https://d387613w8yyayj.cloudfront.net/393_2021_12_08_13_15_17_3782948/index.m3u8
698,Iteration Test 07.12 - 1,https://d387613w8yyayj.cloudfront.net/393_2021_12_08_13_15_17_3782948/index.m3u8
699,qualification,https://d387613w8yyayj.cloudfront.net/184_2021_12_09_09_08_28_15065724/index.m3u8
700,Iteration Test 07.12 - 1,https://d387613w8yyayj.cloudfront.net/393_2021_12_08_13_15_17_3782948/index.m3u8
701,demo5,https://d387613w8yyayj.cloudfront.net/184_2021_12_09_07_10_49_707653/index.m3u8
702,demo5,https://d387613w8yyayj.cloudfront.net/347_2021_12_09_07_24_41_14487181/index.m3u8
703,Demo 6,https://d387613w8yyayj.cloudfront.net/184_2021_12_09_06_53_49_11195130/index.m3u8
704,Iteration Test 07.12 - 1,https://d387613w8yyayj.cloudfront.net/393_2021_12_08_13_15_17_3782948/index.m3u8
705,Iteration Test 07.12 - 1,https://d387613w8yyayj.cloudfront.net/393_2021_12_08_13_15_17_3782948/index.m3u8
706,Iteration Test 07.12 - 1,https://d387613w8yyayj.cloudfront.net/393_2021_12_08_13_15_17_3782948/index.m3u8
707,Iteration Test 07.12 - 1,https://d387613w8yyayj.cloudfront.net/393_2021_12_08_13_15_17_3782948/index.m3u8
708,Iteration Test 07.12 - 1,https://d387613w8yyayj.cloudfront.net/393_2021_12_08_13_15_17_3782948/index.m3u8
709,Iteration Test 07.12 - 1,https://d387613w8yyayj.cloudfront.net/393_2021_12_08_13_15_17_3782948/index.m3u8
710,Iteration Test 07.12 - 1,https://d387613w8yyayj.cloudfront.net/393_2021_12_08_13_15_17_3782948/index.m3u8
711,Iteration Test 07.12 - 1,https://d387613w8yyayj.cloudfront.net/393_2021_12_08_13_15_17_3782948/index.m3u8
712,Iteration Test 07.12 - 1,https://d387613w8yyayj.cloudfront.net/393_2021_12_08_13_15_17_3782948/index.m3u8
713,Iteration Test 07.12 - 1,https://d387613w8yyayj.cloudfront.net/393_2021_12_08_13_15_17_3782948/index.m3u8
714,Iteration Test 07.12 - 1,https://d387613w8yyayj.cloudfront.net/393_2021_12_08_13_15_17_3782948/index.m3u8
715,Iteration Test 07.12 - 1,https://d387613w8yyayj.cloudfront.net/393_2021_12_08_13_15_17_3782948/index.m3u8
716,Iteration Test 07.12 - 1,https://d387613w8yyayj.cloudfront.net/393_2021_12_08_13_15_17_3782948/index.m3u8
717,Iteration Test 07.12 - 1,https://d387613w8yyayj.cloudfront.net/393_2021_12_08_13_15_17_3782948/index.m3u8
718,Iteration Test 07.12 - 1,https://d387613w8yyayj.cloudfront.net/393_2021_12_08_13_15_17_3782948/index.m3u8
719,Iteration Test 07.12 - 1,https://d387613w8yyayj.cloudfront.net/393_2021_12_08_13_15_17_3782948/index.m3u8
720,Iteration Test 07.12 - 1,https://d387613w8yyayj.cloudfront.net/393_2021_12_08_13_15_17_3782948/index.m3u8
721,Iteration Test 07.12 - 1,https://d387613w8yyayj.cloudfront.net/393_2021_12_08_13_15_17_3782948/index.m3u8
722,Iteration Test 07.12 - 1,https://d387613w8yyayj.cloudfront.net/393_2021_12_08_13_15_17_3782948/index.m3u8
723,Iteration Test 07.12 - 1,https://d387613w8yyayj.cloudfront.net/393_2021_12_08_13_15_17_3782948/index.m3u8
724,Iteration Test 07.12 - 1,https://d387613w8yyayj.cloudfront.net/393_2021_12_08_13_15_17_3782948/index.m3u8
725,Iteration Test 07.12 - 1,https://d387613w8yyayj.cloudfront.net/393_2021_12_08_13_15_17_3782948/index.m3u8
726,Iteration Test 07.12 - 1,https://d387613w8yyayj.cloudfront.net/393_2021_12_08_13_15_17_3782948/index.m3u8
727,Iteration Test 07.12 - 1,https://d387613w8yyayj.cloudfront.net/393_2021_12_08_13_15_17_3782948/index.m3u8
728,Iteration Test 07.12 - 1,https://d387613w8yyayj.cloudfront.net/393_2021_12_08_13_15_17_3782948/index.m3u8
729,Iteration Test 07.12 - 1,https://d387613w8yyayj.cloudfront.net/393_2021_12_08_13_15_17_3782948/index.m3u8
730,prod test e2e - game 2,https://d387613w8yyayj.cloudfront.net/393_2021_12_08_19_45_27_10897965/index.m3u8
731,prod e2e test 1,https://d387613w8yyayj.cloudfront.net/393_2021_12_08_19_34_06_18481916/index.m3u8
732,Iteration Test 07.12 - 1,https://d387613w8yyayj.cloudfront.net/393_2021_12_08_13_15_17_3782948/index.m3u8
733,Iteration Test 07.12 - 1,https://d387613w8yyayj.cloudfront.net/393_2021_12_08_13_15_17_3782948/index.m3u8
734,Iteration Test 07.12 - 1,https://pum4i3zoaplxth.data.mediastore.eu-west-1.amazonaws.com/genistat_test/index.m3u8
735,Iteration Test 07.12 - 1,https://pum4i3zoaplxth.data.mediastore.eu-west-1.amazonaws.com/genistat_test/index.m3u8
736,Iteration Test 07.12 - 1,https://d387613w8yyayj.cloudfront.net/184_2021_12_08_15_21_35_22826477/index.m3u8
737,Iteration Test 07.12 - 1,https://d387613w8yyayj.cloudfront.net/184_2021_12_08_15_21_35_22826477/index.m3u8
738,Demo 4,https://d387613w8yyayj.cloudfront.net/184_2021_12_08_15_21_35_22826477/index.m3u8
739,Iteration Test 07.12 - 1,https://d387613w8yyayj.cloudfront.net/184_2021_12_08_14_24_55_1839861/index.m3u8
740,Iteration Test 07.12 - 1,https://d387613w8yyayj.cloudfront.net/184_2021_12_08_14_24_55_1839861/index.m3u8
741,Iteration Test 07.12 - 1,https://d387613w8yyayj.cloudfront.net/184_2021_12_08_14_24_55_1839861/index.m3u8
742,FIFA friendly,https://d387613w8yyayj.cloudfront.net/184_2021_12_08_14_24_55_1839861/index.m3u8
743,Iteration Test 07.12 - 1,https://d387613w8yyayj.cloudfront.net/184_2021_12_08_10_07_39_22416144/index.m3u8
744,Test from PROD,https://d387613w8yyayj.cloudfront.net/393_2021_12_08_13_15_17_3782948/index.m3u8
745,test e2e 18,https://d387613w8yyayj.cloudfront.net/184_2021_12_08_12_58_04_1794768/index.m3u8
746,Demo 8_12_2021,https://d387613w8yyayj.cloudfront.net/184_2021_12_08_09_54_34_21591863/index.m3u8
747,Iteration Test 07.12 - 1,https://d387613w8yyayj.cloudfront.net/184_2021_12_08_10_07_39_22416144/index.m3u8
748,test e2e 17,https://d387613w8yyayj.cloudfront.net/184_2021_12_08_10_07_39_22416144/index.m3u8
749,e2e test 16,https://d387613w8yyayj.cloudfront.net/184_2021_12_08_08_52_25_16086425/index.m3u8
750,Demo,https://d387613w8yyayj.cloudfront.net/184_2021_12_08_08_35_53_7865226/index.m3u8
751,Iteration Test 07.12 - 1,https://d387613w8yyayj.cloudfront.net/184_2021_12_07_22_30_37_13511988/index.m3u8
752,Iteration Test 07.12 - 1,https://d387613w8yyayj.cloudfront.net/184_2021_12_07_22_30_37_13511988/index.m3u8
753,test e2e 16,https://d387613w8yyayj.cloudfront.net/184_2021_12_07_22_30_37_13511988/index.m3u8
754,test e2e 15,https://d387613w8yyayj.cloudfront.net/184_2021_12_07_22_21_21_10186586/index.m3u8
755,Iteration Test 07.12 - 2,https://d387613w8yyayj.cloudfront.net/184_2021_12_07_12_21_29_2708629/index.m3u8
756,Iteration Test 07.12 - 1,https://d387613w8yyayj.cloudfront.net/184_2021_12_07_12_21_29_2708629/index.m3u8
757,Loadtest 07.12 - 16,https://d387613w8yyayj.cloudfront.net/184_2021_12_07_12_21_29_2708629/index.m3u8
758,Loadtest 07.12 - 15,https://d387613w8yyayj.cloudfront.net/184_2021_12_07_12_21_29_2708629/index.m3u8
759,Loadtest 07.12 - 14,https://d387613w8yyayj.cloudfront.net/184_2021_12_07_12_21_29_2708629/index.m3u8
760,Loadtest 07.12 - 13,https://d387613w8yyayj.cloudfront.net/184_2021_12_07_12_21_29_2708629/index.m3u8
761,Loadtest 07.12 - 12,https://d387613w8yyayj.cloudfront.net/184_2021_12_07_12_21_29_2708629/index.m3u8
762,Loadtest 07.12 - 11,https://d387613w8yyayj.cloudfront.net/184_2021_12_07_12_21_29_2708629/index.m3u8
763,Loadtest 07.12 - 10,https://d387613w8yyayj.cloudfront.net/184_2021_12_07_12_21_29_2708629/index.m3u8
764,Loadtest 07.12 - 9,https://d387613w8yyayj.cloudfront.net/184_2021_12_07_12_21_29_2708629/index.m3u8
765,Loadtest 07.12 - 8,https://d387613w8yyayj.cloudfront.net/184_2021_12_07_12_21_29_2708629/index.m3u8
766,Loadtest 07.12 - 7,https://d387613w8yyayj.cloudfront.net/184_2021_12_07_12_21_29_2708629/index.m3u8
767,Loadtest 07.12 - 6,https://d387613w8yyayj.cloudfront.net/184_2021_12_07_12_21_29_2708629/index.m3u8
768,Loadtest 07.12 - 5,https://d387613w8yyayj.cloudfront.net/184_2021_12_07_12_21_29_2708629/index.m3u8
769,Loadtest 07.12 - 4,https://d387613w8yyayj.cloudfront.net/184_2021_12_07_12_21_29_2708629/index.m3u8
770,Loadtest 07.12 - 3,https://d387613w8yyayj.cloudfront.net/184_2021_12_07_12_21_29_2708629/index.m3u8
771,Loadtest 07.12 - 2,https://d387613w8yyayj.cloudfront.net/184_2021_12_07_12_21_29_2708629/index.m3u8
772,Loadtest 07.12 - 1,https://d387613w8yyayj.cloudfront.net/184_2021_12_07_12_21_29_2708629/index.m3u8
773,LoadTesting Master,https://d387613w8yyayj.cloudfront.net/184_2021_12_07_12_21_29_2708629/index.m3u8
774,test 5,https://d387613w8yyayj.cloudfront.net/187_2021_12_07_09_34_14_12655644/index.m3u8
775,test 3,https://d387613w8yyayj.cloudfront.net/184_2021_12_07_09_00_14_450225/index.m3u8
776,Karla Test 07.12 - 1,https://d387613w8yyayj.cloudfront.net/184_2021_12_06_12_47_15_4891614/index.m3u8
777,e2e test 14,https://d387613w8yyayj.cloudfront.net/184_2021_12_06_19_25_45_14408969/index.m3u8
778,Karla Test 06.12 - 3,https://d387613w8yyayj.cloudfront.net/184_2021_12_06_12_47_15_4891614/index.m3u8
779,Karla Test 06.12 - 2,https://d387613w8yyayj.cloudfront.net/184_2021_12_06_12_47_15_4891614/index.m3u8
780,test delayed video,https://d387613w8yyayj.cloudfront.net/184_2021_12_06_13_04_55_7866930/index.m3u8
781,test e2e 13,https://d387613w8yyayj.cloudfront.net/184_2021_12_06_12_47_15_4891614/index.m3u8
782,Karla Test06.12 - 1,https://d387613w8yyayj.cloudfront.net/184_2021_12_05_17_35_21_2372967/index.m3u8
783,E2E test 12,https://d387613w8yyayj.cloudfront.net/184_2021_12_05_17_35_21_2372967/index.m3u8
784,E2E test 12,https://d387613w8yyayj.cloudfront.net/184_2021_12_05_17_35_21_2372967/index.m3u8
785,test e2e 11,https://d387613w8yyayj.cloudfront.net/184_2021_12_05_09_44_14_14104762/index.m3u8
786,test e2e 11,https://d387613w8yyayj.cloudfront.net/184_2021_12_05_09_44_14_14104762/index.m3u8
787,test e2e 11,https://d387613w8yyayj.cloudfront.net/184_2021_12_05_09_43_59_6820834/index.m3u8
788,test,https://d387613w8yyayj.cloudfront.net/9_2021_12_03_16_41_08_19593648/index.m3u8
789,test,https://d387613w8yyayj.cloudfront.net/9_2021_12_03_16_41_08_19593648/index.m3u8
790,test,https://d387613w8yyayj.cloudfront.net/9_2021_12_03_16_41_08_19593648/index.m3u8
791,test,https://d387613w8yyayj.cloudfront.net/9_2021_12_03_16_41_08_19593648/index.m3u8
792,test,https://d387613w8yyayj.cloudfront.net/9_2021_12_03_16_41_08_19593648/index.m3u8
793,test,https://d387613w8yyayj.cloudfront.net/9_2021_12_03_16_41_08_19593648/index.m3u8
794,E2E test 10,https://d387613w8yyayj.cloudfront.net/184_2021_12_03_16_02_50_10804023/index.m3u8
795,E2E test 10,https://d387613w8yyayj.cloudfront.net/184_2021_12_03_16_02_50_10804023/index.m3u8
796,webhook_test 03.12 - 4,https://d387613w8yyayj.cloudfront.net/184_2021_12_03_13_00_40_18473073/index.m3u8
797,webhook_test 03.12 - 3,https://d387613w8yyayj.cloudfront.net/184_2021_12_03_13_00_40_18473073/index.m3u8
798,webhook_test 03.12 - 1,https://d387613w8yyayj.cloudfront.net/184_2021_12_03_13_00_40_18473073/index.m3u8
799,webhook_test 03.12 - 1,https://d387613w8yyayj.cloudfront.net/184_2021_12_03_13_00_40_18473073/index.m3u8
800,webhook_test 02.12 - 2,https://d387613w8yyayj.cloudfront.net/184_2021_12_02_09_18_01_5969892/index.m3u8
801,webhook_test 02.12 - 2,https://d387613w8yyayj.cloudfront.net/184_2021_12_02_09_18_01_5969892/index.m3u8
802,webhook_test 02.12 - 2,https://d387613w8yyayj.cloudfront.net/184_2021_12_02_09_18_01_5969892/index.m3u8
803,e2e test 9,https://d387613w8yyayj.cloudfront.net/184_2021_12_02_16_51_35_18937783/index.m3u8
804,webhook_test 02.12 - 2,https://d387613w8yyayj.cloudfront.net/184_2021_12_02_09_18_01_5969892/index.m3u8
805,webhook_test 02.12 - 2,https://d387613w8yyayj.cloudfront.net/184_2021_12_02_09_18_01_5969892/index.m3u8
806,webhook_test 02.12 - 1,https://d387613w8yyayj.cloudfront.net/184_2021_11_26_17_26_12_21575092/index.m3u8
807,E2E test 9,https://d387613w8yyayj.cloudfront.net/184_2021_12_02_09_18_01_5969892/index.m3u8
808,E2E test 8,https://d387613w8yyayj.cloudfront.net/184_2021_12_02_09_01_40_12396624/index.m3u8
809,E2E test 6,https://d387613w8yyayj.cloudfront.net/184_2021_12_02_08_45_35_17470297/index.m3u8
810,webhook_test 01.12 - 2,https://d387613w8yyayj.cloudfront.net/184_2021_11_26_17_26_12_21575092/index.m3u8
811,webhook_test 01.12 - 1,https://d387613w8yyayj.cloudfront.net/184_2021_11_26_17_26_12_21575092/index.m3u8
812,e2e test3,https://d387613w8yyayj.cloudfront.net/184_2021_11_26_17_26_12_21575092/index.m3u8
813,qualification text,https://d387613w8yyayj.cloudfront.net/184_2021_11_30_09_38_50_12411551/index.m3u8
814,e2e test3,https://d387613w8yyayj.cloudfront.net/184_2021_11_26_17_26_12_21575092/index.m3u8
815,E2E test 5,https://d387613w8yyayj.cloudfront.net/103_2021_11_29_12_02_24_22624675/index.m3u8
816,webhook_test 29.11 - 1,https://d387613w8yyayj.cloudfront.net/184_2021_11_26_17_26_12_21575092/index.m3u8
817,test,https://d387613w8yyayj.cloudfront.net/1_2021_11_24_12_15_54_12984888/index.m3u8
818,FIFA!!!!,https://d387613w8yyayj.cloudfront.net/8_2021_11_25_16_52_38_22349780/index.m3u8
819,webhook_test 28.11 - 3,https://d387613w8yyayj.cloudfront.net/184_2021_11_26_17_26_12_21575092/index.m3u8
820,webhook_test 28.11 - 3,https://d387613w8yyayj.cloudfront.net/184_2021_11_26_17_26_12_21575092/index.m3u8
821,webhook_test 28.11 - 2,https://d387613w8yyayj.cloudfront.net/184_2021_11_26_17_26_12_21575092/index.m3u8
822,webhook_test 28.11 - 2,https://d387613w8yyayj.cloudfront.net/184_2021_11_26_17_26_12_21575092/index.m3u8
823,webhook_test 28.11,https://d387613w8yyayj.cloudfront.net/184_2021_11_26_17_26_12_21575092/index.m3u8
824,e2e test3,https://d387613w8yyayj.cloudfront.net/184_2021_11_26_17_26_12_21575092/index.m3u8
825,e2e test 2,https://d387613w8yyayj.cloudfront.net/184_2021_11_26_17_01_40_13487204/index.m3u8
826,E2E test1,https://d387613w8yyayj.cloudfront.net/184_2021_11_26_16_48_21_10711267/index.m3u8
827,Karla Test on Staging 04,https://d387613w8yyayj.cloudfront.net/347_2021_09_16_14_35_58_22052938/index.m3u8
828,Karla Test on Staging 03,https://d387613w8yyayj.cloudfront.net/347_2021_09_16_14_35_58_22052938/index.m3u8
829,Karla Test on Staging 03,https://d387613w8yyayj.cloudfront.net/347_2021_09_16_14_35_58_22052938/index.m3u8
830,Karla Test on Staging 02,https://d387613w8yyayj.cloudfront.net/347_2021_09_16_14_35_58_22052938/index.m3u8
831,Karla Test on Staging 01,https://d387613w8yyayj.cloudfront.net/94_2021_11_23_12_16_09_16455004/index.m3u8
832,FIFA!!!!,https://d387613w8yyayj.cloudfront.net/8_2021_11_25_16_52_38_22349780/index.m3u8
